Game ID,Winner,Player Moves,AI Moves,AI Accuracy,Player Accuracy,AI Miss Chance,AI Forget Chance,AI First Hit Move #,Player First Hit Move #,AI Max Streak,Player Max Streak
1,AI,19,19,0.18,0.33,0.1885531939024931,0.12299105689502718,6,3,1,2
2,Player,17,17,0.17,0.29,0.1966435018745093,0.10771029126035642,8,1,1,2
3,AI,21,21,0.35,0.46,0.2585498449913823,0.07249076754828722,3,2,5,5
4,Player,21,21,0.23,0.24,0.24547468615073292,0.08753250049932423,6,5,2,1
5,AI,20,20,0.33,0.27,0.2247630209492878,0.060563646251801,5,5,2,2
6,Player,20,20,0.33,0.29,0.24859527296527043,0.06423070135670093,4,1,2,2
7,Player,17,17,0.29,0.35,0.10578521890427506,0.06659207785667766,6,7,2,2
8,AI,22,22,0.35,0.56,0.16936850467532832,0.06618214076354118,8,1,2,3
9,AI,19,19,0.29,0.44,0.14795665929253818,0.10232030296745005,8,2,1,3
10,AI,17,17,0.0,0.44,0.10523192557445378,0.18872187384112227,,1,0,2
11,AI,21,21,0.29,0.33,0.2757889977693695,0.15110332569912938,3,1,3,1
12,AI,19,19,0.29,0.42,0.20828516091724075,0.09209384033108103,8,3,3,3
13,AI,24,24,0.35,0.38,0.2662580331322593,0.15555786973164648,4,4,2,3
14,Player,19,19,0.18,0.29,0.15145161462450468,0.07994968015478197,1,6,1,2
15,Player,20,20,0.38,0.24,0.13050364260312097,0.06229796455057308,9,2,4,2
16,AI,21,21,0.0,0.13,0.19549520872208423,0.11086629870754487,,1,0,1
17,AI,19,19,0.33,0.31,0.15022795824791796,0.11234201552367526,1,2,2,2
18,Player,21,21,0.19,0.41,0.21375616158154404,0.1380776949559048,6,1,1,3
19,Player,19,19,0.33,0.35,0.2521344647443907,0.10771488469516999,1,1,3,2
20,Player,19,19,0.27,0.41,0.14451871968044927,0.09462568996344295,1,1,1,4
21,Player,21,21,0.21,0.35,0.23515694436499493,0.12125463946267735,9,3,1,4
22,AI,19,19,0.47,0.43,0.2535753120271369,0.14079991753823334,1,2,3,4
23,AI,18,18,0.18,0.38,0.1386980902557801,0.092350258703215,6,5,2,3
24,Player,22,22,0.4,0.24,0.29284964481755815,0.060877592608687726,1,3,2,1
25,Player,22,22,0.29,0.35,0.24724158009050962,0.0891534049159247,10,2,3,3
26,Player,23,23,0.41,0.18,0.21339350087377384,0.07815172441864303,3,9,2,2
27,Player,18,18,0.29,0.29,0.16631235507181058,0.10575632823887601,10,3,2,1
28,Player,24,24,0.19,0.24,0.22577952672342455,0.14448534030952664,5,1,1,2
29,AI,19,19,0.35,0.4,0.12495538774685742,0.13002150901226428,5,1,2,2
30,AI,21,21,0.24,0.21,0.24849101644221358,0.11824853150692659,7,3,2,2
31,Player,20,20,0.12,0.35,0.27879841262366467,0.05649428374256149,5,1,1,1
32,Player,18,18,0.41,0.35,0.1547693287483663,0.17496141977514149,5,1,3,1
33,Player,20,20,0.29,0.41,0.15161671246130387,0.15910914548126448,1,3,2,3
34,Player,21,21,0.25,0.35,0.1308589619159501,0.19353408254809912,3,2,1,4
35,Player,18,18,0.25,0.35,0.1068925445647337,0.05560120842450763,7,2,2,2
36,Player,23,23,0.35,0.35,0.24262245582702371,0.18047780586540674,4,7,2,4
37,Player,20,20,0.31,0.47,0.23616824525342422,0.07855234966915531,3,4,2,3
38,Player,17,17,0.25,0.35,0.10919374025499114,0.17014573209607425,2,1,2,3
39,AI,20,20,0.24,0.36,0.2954949298949212,0.19970463606654443,1,1,1,1
40,Player,20,20,0.42,0.29,0.15760791415650677,0.08818642019667343,5,1,2,2
41,Player,19,19,0.25,0.18,0.12239420098774119,0.19254025707311134,9,4,2,1
42,Player,18,18,0.36,0.24,0.17960156852050427,0.07214686396917744,4,1,2,1
43,Player,18,18,0.13,0.47,0.11582340206860522,0.1387815237570027,10,1,1,2
44,Player,20,20,0.33,0.29,0.17735437039874805,0.19124697009620667,5,8,2,2
45,Player,19,19,0.53,0.29,0.1381775450671766,0.14200883508289958,4,1,3,2
46,Player,17,17,0.4,0.47,0.15160111007053925,0.1778529284258587,2,1,1,2
47,Player,23,23,0.2,0.47,0.2852025625309843,0.19604779635871528,4,1,1,2
48,Player,19,19,0.25,0.29,0.21838851595169217,0.15996754942312602,8,4,1,2
49,Player,20,20,0.47,0.41,0.15848078761351342,0.10673063540220992,4,3,3,3
50,Player,20,20,0.38,0.35,0.1389310486040366,0.12212833843672012,2,2,3,2
51,AI,20,20,0.28,0.25,0.2197664830590012,0.15806140733552568,2,6,2,1
52,Player,19,19,0.14,0.24,0.19475600642702928,0.17449622902396184,11,3,1,1
53,Player,22,22,0.44,0.35,0.22924081114540792,0.11571580149114741,1,4,3,3
54,Player,22,22,0.23,0.53,0.1760326026000283,0.16262261167737546,8,1,3,3
55,AI,19,19,0.35,0.47,0.11879396882631324,0.08080427838549789,2,5,2,4
56,AI,19,19,0.29,0.5,0.14879295063834003,0.09027403948805943,4,2,2,4
57,Player,21,21,0.35,0.29,0.19303551831848995,0.10233887944171072,1,4,2,2
58,AI,20,20,0.5,0.38,0.15231219610860874,0.13786229371673597,3,3,2,4
59,Player,18,18,0.38,0.29,0.21307721076261,0.08762890772096635,4,1,2,1
60,AI,18,18,0.24,0.4,0.11151484325962091,0.1554359063264003,5,3,2,3
61,AI,19,19,0.24,0.5,0.19281638686509672,0.12640988049335994,8,3,2,2
62,AI,21,21,0.24,0.5,0.2808165183981945,0.06200055027718156,5,2,3,2
63,Player,22,22,0.2,0.29,0.21730659860721943,0.14330717656322528,10,1,2,2
64,AI,22,22,0.53,0.07,0.22998928143049277,0.08644129987900054,1,6,3,1
65,AI,17,17,0.35,0.31,0.10934037283798446,0.19448974980886463,4,5,4,1
66,Player,20,20,0.12,0.29,0.2717463075744586,0.07847065355032234,13,4,1,2
67,Player,22,22,0.18,0.29,0.2570449166873284,0.15275900626022382,7,8,2,2
68,AI,21,21,0.29,0.33,0.23191235739241073,0.09931109681710651,4,2,2,2
69,Player,19,19,0.38,0.47,0.1942136005088816,0.16307182952539975,3,3,2,3
70,Player,19,19,0.31,0.35,0.14445312158711018,0.1121339549355668,5,4,2,2
71,Player,22,22,0.35,0.35,0.19811518278511264,0.15092719459033485,3,4,2,2
72,Player,23,23,0.24,0.29,0.221668532025375,0.14920563226854539,7,1,1,2
73,Player,20,20,0.25,0.41,0.10055129707664628,0.0819207795303809,4,2,2,4
74,AI,18,18,0.24,0.54,0.2502723267109325,0.11235828708354373,2,1,1,3
75,AI,17,17,0.18,0.07,0.19180033338644165,0.10823871776115185,8,5,1,1
76,Player,22,22,0.12,0.35,0.19951666508584842,0.12341533599904488,3,2,1,2
77,AI,22,22,0.24,0.25,0.281305808406911,0.08537254273776929,7,1,2,1
78,Player,25,25,0.08,0.47,0.2901371298128964,0.10710473710130981,12,3,1,3
79,AI,21,21,0.24,0.27,0.28834062770341057,0.0953327725155579,7,1,2,2
80,Player,19,19,0.19,0.29,0.1586904701285826,0.15387273913828176,6,10,2,3
81,AI,18,18,0.35,0.25,0.14176833317653695,0.11129051707582491,3,6,2,2
82,Player,21,21,0.27,0.29,0.27597818581484024,0.1641103608025753,4,4,2,2
83,AI,18,18,0.29,0.38,0.1761632051771291,0.1652969642459694,9,1,2,2
84,AI,19,19,0.35,0.29,0.20465382045725583,0.1402653831340275,4,6,2,2
85,Player,17,17,0.13,0.41,0.10771883595850909,0.15850753185244043,11,1,2,3
86,Player,21,21,0.44,0.24,0.2800361704928819,0.1669755167582344,1,2,2,1
87,AI,22,22,0.47,0.44,0.2402150147173749,0.09851187877973015,2,1,2,2
88,Player,18,18,0.31,0.29,0.10576849473465577,0.1116369592064403,1,4,1,1
89,AI,21,21,0.35,0.36,0.18719679495019909,0.0658080810406111,1,5,2,4
90,AI,23,23,0.18,0.44,0.13894787333518765,0.08885195589768259,10,1,2,3
91,Player,18,18,0.25,0.24,0.1459425433059085,0.09546904015560954,1,2,2,2
92,Player,21,21,0.25,0.29,0.19246148358963971,0.07667051171251743,8,2,2,2
93,Player,18,18,0.12,0.35,0.1020517533955673,0.11586064954981777,8,1,1,4
94,Player,19,19,0.25,0.29,0.18295691349101367,0.12987555680589935,1,6,2,2
95,Player,20,20,0.2,0.29,0.26385401155462584,0.1762777789322999,9,4,2,2
96,Player,20,20,0.25,0.29,0.18613931219805563,0.18336226530293032,7,1,2,1
97,Player,20,20,0.25,0.24,0.2523923886991126,0.08685445454789523,4,8,2,3
98,Player,18,18,0.33,0.47,0.1704880297125369,0.07018077378281062,1,2,1,3
99,Player,19,19,0.41,0.41,0.12803456669501057,0.16999143055818366,6,1,3,3
100,Player,19,19,0.44,0.24,0.12385262737997312,0.1234391260503029,6,3,3,2
101,AI,19,19,0.41,0.33,0.2496045924245176,0.1371720528709793,5,1,3,2
102,AI,19,19,0.24,0.75,0.22797396537863981,0.12062557080775813,3,1,2,4
103,Player,18,18,0.38,0.24,0.12017667535113115,0.13290187721513141,3,1,2,1
104,AI,18,18,0.24,0.15,0.2458089438155289,0.10300876285435676,7,6,1,1
105,Player,17,17,0.07,0.24,0.1138032768929975,0.10655663275117205,11,2,1,2
106,Player,26,26,0.5,0.12,0.2402638664812237,0.07782666411882178,6,4,3,1
107,AI,18,18,0.24,0.12,0.1732690279198545,0.17678147235519942,9,4,2,2
108,Player,18,18,0.53,0.24,0.13830759085023284,0.13566360340202474,2,2,4,1
109,AI,24,24,0.24,0.38,0.19859252260432236,0.05724512019824433,3,3,2,2
110,Player,23,23,0.33,0.47,0.24235021714323882,0.14046332984461826,5,1,3,3
111,Player,19,19,0.19,0.24,0.15559603271139613,0.10205560096652375,4,2,3,2
112,AI,20,20,0.29,0.23,0.1776510228228048,0.14547963736754355,2,3,2,1
113,AI,20,20,0.29,0.27,0.2603151465006638,0.07995467549610674,6,4,3,2
114,Player,22,22,0.25,0.29,0.12271981918621962,0.1878361368284695,6,1,2,1
115,Player,17,17,0.29,0.29,0.11581032045372262,0.1684087099059864,7,1,2,2
116,AI,24,24,0.18,0.27,0.2620750016341463,0.11277824605184772,11,2,2,2
117,Player,25,25,0.0,0.24,0.21701985056002512,0.18688592565788748,,1,0,2
118,Player,19,19,0.38,0.29,0.16600833398801107,0.059101066643150124,3,3,2,2
119,AI,20,20,0.29,0.47,0.25242200536576964,0.05405315308047354,2,1,2,3
120,Player,18,18,0.38,0.47,0.12143360772258696,0.114075939129647,1,2,2,4
121,Player,18,18,0.13,0.18,0.10580303746210046,0.15680650849804723,9,2,1,2
122,Player,20,20,0.4,0.24,0.23722328803639486,0.19587361427903527,1,2,3,1
123,AI,23,23,0.06,0.47,0.28176140308279607,0.11645757865836681,16,4,1,2
124,Player,19,19,0.38,0.29,0.17207038158144963,0.059822706195347505,4,2,4,3
125,Player,19,19,0.19,0.29,0.22279127853582725,0.17481388099189263,5,4,1,3
126,Player,19,19,0.19,0.35,0.13547527862992112,0.16628534224330765,7,5,1,3
127,Player,18,18,0.36,0.24,0.17852138057547867,0.11311585493304727,4,8,2,1
128,Player,24,24,0.27,0.24,0.2768580958049477,0.13382681301122507,1,8,2,2
129,Player,20,20,0.41,0.35,0.1020085246778315,0.15652174170790337,2,1,3,2
130,Player,23,23,0.35,0.41,0.2439655625936052,0.08101267310526843,2,3,3,4
131,Player,17,17,0.31,0.18,0.16039442585800343,0.15746488719135593,6,1,2,1
132,Player,23,23,0.29,0.41,0.16979582430208898,0.19294012865790672,1,1,1,3
133,AI,20,20,0.0,0.4,0.10532819243667696,0.16112585526038498,,2,0,2
134,AI,23,23,0.39,0.25,0.24778298995839357,0.1487954927288298,3,3,2,1
135,Player,19,19,0.39,0.47,0.15311493870995269,0.17738156645501446,2,1,2,3
136,AI,18,18,0.29,0.25,0.13618285351817205,0.13516088716762786,7,2,2,1
137,AI,21,21,0.5,0.38,0.10942614314584072,0.17328594030762307,2,3,6,2
138,Player,20,20,0.43,0.35,0.24074961923617225,0.10789451544412104,2,3,3,3
139,Player,19,19,0.12,0.59,0.1845842624021961,0.16031412565268777,15,1,2,5
140,Player,19,19,0.29,0.41,0.22795870154795309,0.11323538946984812,3,1,1,2
141,Player,18,18,0.33,0.24,0.12368669813504136,0.05462284233696199,3,1,3,1
142,Player,19,19,0.25,0.47,0.15801617932053147,0.13508360536771188,9,3,3,4
143,Player,19,19,0.17,0.29,0.2713429554302139,0.13344406880132623,8,4,2,3
144,Player,20,20,0.41,0.24,0.1364154912405441,0.05824431878354237,3,2,3,1
145,AI,23,23,0.24,0.38,0.29042787807696446,0.11052070815199966,2,3,4,2
146,AI,22,22,0.41,0.27,0.2906031424615084,0.19584332948024175,3,5,3,1
147,Player,26,26,0.5,0.24,0.2526915365549267,0.11204623527761715,8,3,6,1
148,AI,21,21,0.24,0.31,0.26799002155432516,0.16152559740717592,4,6,2,2
149,Player,23,23,0.33,0.35,0.2630155097410921,0.07877351466061781,4,1,4,2
150,AI,18,18,0.24,0.27,0.1772191805956008,0.1826354189654391,8,2,1,1
151,Player,22,22,0.5,0.35,0.28770189609806696,0.10577554398288495,1,2,3,2
152,AI,21,21,0.29,0.5,0.17396196989262233,0.11534411835100089,3,6,1,6
153,Player,22,22,0.31,0.47,0.2734811944663472,0.08266728832310405,1,2,2,2
154,Player,20,20,0.38,0.41,0.17525111449125708,0.06910811773586316,3,3,2,5
155,AI,19,19,0.0,0.38,0.14475178846846454,0.05390214196043331,,2,0,2
156,Player,20,20,0.59,0.24,0.14851460229801847,0.05326935545719035,1,4,3,1
157,Player,19,19,0.24,0.06,0.12870782971995387,0.12926774838936225,7,3,1,1
158,AI,21,21,0.18,0.27,0.23018206518614498,0.1565764671511709,10,2,1,2
159,AI,21,21,0.29,0.19,0.1764391647376508,0.05751683085444398,8,1,1,1
160,Player,25,25,0.47,0.24,0.22184555006128714,0.1547243591013806,2,5,4,2
161,AI,20,20,0.41,0.42,0.2115411772649169,0.06963455070479126,1,3,2,3
162,Player,18,18,0.23,0.41,0.1736791602566126,0.18498575769379644,3,2,1,4
163,Player,26,26,0.56,0.29,0.2523356903617557,0.1865177644522812,4,5,9,2
164,Player,21,21,0.36,0.35,0.20154890255542007,0.0772528022714355,1,6,2,2
165,AI,18,18,0.35,0.21,0.12485013204602904,0.19775244674605091,2,1,2,1
166,Player,19,19,0.0,0.24,0.24534406737225403,0.13167674597244744,,6,0,1
167,Player,19,19,0.29,0.35,0.11578724243179284,0.19539321401903897,4,1,2,2
168,Player,18,18,0.31,0.29,0.17170620140409382,0.10697317558220018,5,5,2,2
169,Player,17,17,0.21,0.29,0.19122521235480722,0.061495057312860944,1,3,2,3
170,Player,18,18,0.47,0.35,0.13278648919871158,0.14809671374822986,1,1,2,2
171,AI,21,21,0.24,0.38,0.1672799146254816,0.18258505279841097,1,3,2,3
172,Player,20,20,0.21,0.24,0.15788182001655665,0.1097942145430381,3,1,3,1
173,Player,21,21,0.47,0.35,0.22676637144233994,0.15092924083994624,2,1,2,1
174,AI,21,21,0.29,0.38,0.28154241445075445,0.14098768251667446,2,8,1,3
175,Player,18,18,0.33,0.47,0.11366240982663728,0.08110942067487176,1,2,2,2
176,Player,20,20,0.19,0.24,0.2925169924762058,0.12067012107923744,6,7,2,1
177,AI,22,22,0.12,0.38,0.25974790586997176,0.15285996864692142,5,1,1,2
178,AI,18,18,0.35,0.21,0.23910820405432082,0.09179996299483273,4,2,2,1
179,Player,20,20,0.47,0.35,0.2066001461108716,0.0872068242991596,5,1,4,2
180,AI,20,20,0.24,0.33,0.12867800477110689,0.06826313834829054,12,3,2,2
181,Player,19,19,0.21,0.41,0.20241879965240447,0.16967977872251416,5,1,1,2
182,AI,19,19,0.29,0.44,0.2244936048580679,0.16270742950065487,11,1,2,3
183,AI,22,22,0.12,0.4,0.20248167640609854,0.09769166309399427,3,1,1,2
184,Player,18,18,0.31,0.24,0.2445420520029555,0.09353170380844086,4,4,4,1
185,Player,22,22,0.13,0.29,0.22039609672183197,0.13928908735335108,5,3,1,3
186,Player,26,26,0.35,0.29,0.2909259659376686,0.11035308190711324,2,3,3,3
187,AI,19,19,0.29,0.19,0.11619128259328813,0.0818935492685881,1,1,1,1
188,Player,30,30,0.53,0.35,0.281759871302494,0.12350452307932426,1,1,3,2
189,Player,20,20,0.24,0.35,0.16502134670510832,0.11777015165547652,6,4,2,4
190,AI,18,18,0.29,0.33,0.20172391204210965,0.1786824606020586,3,1,2,1
191,Player,20,20,0.21,0.35,0.20176690667277425,0.06452127927659669,5,3,1,2
192,Player,18,18,0.44,0.35,0.2059340197627188,0.06702659293543316,7,1,5,3
193,Player,22,22,0.33,0.18,0.182173570306039,0.13783702180131194,1,2,1,1
194,AI,19,19,0.47,0.47,0.14027183318106418,0.12064661812013848,1,3,3,2
195,AI,19,19,0.29,0.36,0.29623038754055486,0.15840064829556322,2,2,2,3
196,Player,17,17,0.31,0.24,0.12885558029190922,0.19228069295304162,2,1,2,2
197,Player,20,20,0.35,0.29,0.24578992046876674,0.15976603164285025,4,7,2,3
198,AI,20,20,0.35,0.36,0.2237191569572485,0.15985335995920097,4,4,2,3
199,Player,17,17,0.5,0.35,0.23573636406501045,0.1793411936473575,4,1,4,2
200,Player,17,17,0.0,0.29,0.10533254135917024,0.07834597037305864,,4,0,1
201,AI,22,22,0.12,0.19,0.24217775713455755,0.12445169170017627,2,6,1,2
202,AI,18,18,0.29,0.36,0.2374819582725187,0.05606741186792849,1,3,1,3
203,Player,19,19,0.18,0.53,0.19941464985342428,0.1688838666698353,2,3,2,4
204,Player,26,26,0.06,0.47,0.27816502378690044,0.17385615339925428,15,3,1,3
205,Player,23,23,0.5,0.35,0.2572532771741045,0.14192367491167898,2,6,3,2
206,Player,19,19,0.47,0.35,0.13911826540836694,0.09166636966727441,3,4,3,4
207,Player,21,21,0.2,0.24,0.20026510808751113,0.17205642326013068,6,1,2,3
208,Player,20,20,0.31,0.29,0.15863874152117477,0.198958252640701,7,3,2,3
209,AI,23,23,0.12,0.31,0.22700217073710113,0.1603129393593894,11,2,1,2
210,Player,18,18,0.0,0.24,0.125803939873467,0.11348373125297441,,2,0,1
211,Player,26,26,0.12,0.24,0.27205018575213447,0.11894763587106408,15,3,2,1
212,Player,19,19,0.25,0.29,0.15468607503812476,0.10727384873399838,6,4,1,2
213,Player,20,20,0.23,0.35,0.21178050813097835,0.09790386437682827,2,2,1,2
214,AI,18,18,0.29,0.33,0.17824669758668316,0.15718180215758545,1,4,2,2
215,Player,22,22,0.31,0.47,0.2030932813545273,0.11910913661176342,3,1,2,3
216,AI,17,17,0.18,0.5,0.18672006852422462,0.0939782372862163,3,1,1,2
217,AI,23,23,0.24,0.33,0.20510495099706727,0.1360816636851907,2,3,1,2
218,Player,20,20,0.33,0.18,0.1884566752646006,0.07610267985717462,3,9,2,1
219,AI,19,19,0.41,0.47,0.20157251310371976,0.15002689151016,2,1,2,2
220,Player,24,24,0.19,0.41,0.260904298251405,0.11426756788573911,5,1,1,4
221,Player,18,18,0.29,0.24,0.2529908028504174,0.15178591913898637,1,5,2,1
222,Player,21,21,0.25,0.35,0.28929519120884317,0.06696337749900892,9,2,2,2
223,AI,18,18,0.29,0.36,0.23358387734796332,0.16280711689888233,4,5,3,2
224,Player,18,18,0.42,0.35,0.16601400360233376,0.13671001736973076,2,5,3,3
225,AI,18,18,0.29,0.47,0.2145754554319651,0.10833870774806183,1,3,1,2
226,Player,22,22,0.47,0.41,0.23847736145165147,0.15104335974465244,1,2,5,2
227,Player,22,22,0.12,0.47,0.20336036646946287,0.0680559120005717,8,2,1,6
228,AI,21,21,0.0,0.44,0.19081030664022897,0.0977788995178592,,3,0,3
229,Player,22,22,0.35,0.24,0.19437463326615542,0.07605819917339511,3,3,2,2
230,AI,22,22,0.24,0.31,0.28952466705688806,0.09887890019666284,8,1,3,3
231,AI,18,18,0.41,0.14,0.12474606930346839,0.060728299086201316,2,5,2,1
232,Player,26,26,0.33,0.24,0.2239971991215276,0.16570252335648333,6,9,2,2
233,AI,21,21,0.29,0.31,0.21958659329925267,0.09842909696096178,5,1,2,1
234,AI,18,18,0.12,0.43,0.1808755639084088,0.11727315444353045,14,1,2,4
235,AI,21,21,0.44,0.38,0.2233659692011748,0.08218226682025839,1,1,2,2
236,Player,22,22,0.33,0.41,0.24788532794005028,0.1297266620992628,4,1,2,3
237,Player,18,18,0.5,0.24,0.192960570692507,0.1341835018530147,1,1,4,2
238,AI,24,24,0.47,0.29,0.29103948625150033,0.11429914333501395,1,1,3,2
239,AI,20,20,0.59,0.25,0.16635299605905757,0.14488101499621114,3,3,5,1
240,AI,21,21,0.29,0.21,0.2683105581639216,0.11224162026440396,10,2,2,2
241,AI,18,18,0.24,0.25,0.14733213199790882,0.1308262222986331,4,1,2,2
242,Player,23,23,0.18,0.41,0.2509967379494933,0.06533816654066318,1,1,1,2
243,Player,19,19,0.5,0.24,0.21293220171807897,0.18726681241033577,1,3,2,1
244,AI,24,24,0.29,0.19,0.23896206398204645,0.09452437752242299,1,3,1,2
245,Player,19,19,0.08,0.41,0.27609736017195435,0.19120679580455813,9,1,1,2
246,Player,22,22,0.18,0.35,0.18548682436016756,0.16688233115878381,9,2,2,2
247,Player,22,22,0.0,0.35,0.275405420442569,0.12697577465038346,,3,0,2
248,Player,19,19,0.38,0.35,0.23872752161719885,0.1697118887057083,1,1,2,3
249,AI,19,19,0.29,0.31,0.26228728299483484,0.1993319915196224,8,6,2,2
250,Player,17,17,0.36,0.29,0.13483844418344082,0.14409235380662944,1,5,2,2
251,AI,19,19,0.29,0.07,0.16478656788444987,0.11579061621241063,1,4,2,1
252,Player,22,22,0.44,0.35,0.2959899206349237,0.14516132968253348,1,1,3,2
253,AI,17,17,0.0,0.14,0.11969004830685748,0.10193794673823549,,4,0,1
254,AI,17,17,0.0,0.33,0.10057253507292518,0.11650469175256989,,2,0,4
255,Player,17,17,0.53,0.24,0.11765654260896266,0.18155889240130785,3,12,5,3
256,AI,18,18,0.29,0.54,0.26138851126452256,0.053027680537473275,6,3,2,4
257,AI,17,17,0.18,0.33,0.17609545787779837,0.11390265881803892,5,4,1,3
258,AI,18,18,0.12,0.33,0.22563584680877094,0.1982972264630325,5,6,1,2
259,AI,18,18,0.18,0.47,0.19617856717749604,0.17394651924852272,15,1,3,2
260,AI,20,20,0.29,0.46,0.2853842154870516,0.11266400218021021,4,2,1,3
261,Player,17,17,0.33,0.35,0.16424280224667312,0.10930049625991108,4,5,2,3
262,AI,18,18,0.41,0.47,0.12127759626982589,0.06892317906168545,1,1,3,4
263,Player,21,21,0.31,0.06,0.26689636970929503,0.14413107814307535,2,16,1,1
264,AI,20,20,0.24,0.38,0.20912182678679103,0.12318368363886849,3,2,2,2
265,Player,18,18,0.29,0.29,0.17529771605619143,0.09394926171151527,2,3,2,2
266,AI,24,24,0.47,0.33,0.2693871950405824,0.17175958463467508,3,3,3,2
267,Player,19,19,0.17,0.35,0.29572811894549167,0.08378689846245689,9,4,1,2
268,Player,19,19,0.12,0.41,0.19558161614088154,0.05138839890362135,14,2,1,1
269,AI,17,17,0.24,0.5,0.27862553206154045,0.16182403298010262,10,1,2,2
270,Player,20,20,0.33,0.35,0.17594089847989952,0.1453921656584144,1,1,2,2
271,Player,21,21,0.31,0.35,0.2457988599396226,0.07661226586368,7,4,2,2
272,Player,17,17,0.31,0.35,0.21619169276092537,0.1104141036389382,6,3,1,2
273,AI,19,19,0.0,0.38,0.20626242230215225,0.08984550459735335,,4,0,4
274,AI,20,20,0.24,0.44,0.16398592390684577,0.19636843936910287,3,2,1,2
275,AI,23,23,0.24,0.33,0.2994607542484375,0.1851640357149879,4,4,2,2
276,AI,19,19,0.18,0.27,0.1319508775526822,0.14632593967639543,3,1,2,2
277,AI,17,17,0.53,0.07,0.22728602776830822,0.10288083384229155,1,8,4,1
278,AI,21,21,0.24,0.42,0.27734925550588385,0.0797952962097975,1,2,1,3
279,AI,21,21,0.35,0.25,0.17731047461115862,0.11624154953025785,1,6,2,2
280,Player,21,21,0.21,0.59,0.2764252136131865,0.11677200825430467,9,1,2,3
281,Player,21,21,0.33,0.24,0.19965963635299266,0.058956876568637684,2,9,2,1
282,Player,18,18,0.12,0.35,0.12522738873864345,0.12488055131860401,14,1,1,2
283,Player,18,18,0.4,0.41,0.10418513854202859,0.19086911184687116,7,2,2,3
284,Player,22,22,0.0,0.35,0.2877091790454201,0.15218589517743303,,1,0,3
285,Player,22,22,0.0,0.53,0.19888127316112142,0.13750116126999834,,1,0,4
286,AI,18,18,0.47,0.31,0.18602754377283598,0.10489395727940243,5,2,4,2
287,AI,21,21,0.35,0.38,0.16522000681534102,0.08235642867723496,6,7,2,3
288,Player,20,20,0.27,0.35,0.1943113581375701,0.18584159680605028,1,1,3,2
289,Player,23,23,0.15,0.41,0.24273886885827892,0.08087313769059466,1,2,1,2
290,AI,25,25,0.24,0.25,0.28843840051307473,0.19857370760705806,5,2,2,2
291,Player,19,19,0.4,0.29,0.26929341753799524,0.059843330879240875,5,1,2,2
292,Player,17,17,0.2,0.0,0.14731567979151822,0.17353101142567845,5,,1,0
293,Player,17,17,0.47,0.41,0.10078934293163114,0.17358307189740718,3,2,3,2
294,AI,20,20,0.06,0.44,0.1093467101399325,0.19023820400588803,17,2,1,3
295,Player,22,22,0.29,0.53,0.1508742949217557,0.180438764006303,1,1,2,3
296,Player,21,21,0.29,0.18,0.2089674433610505,0.05123535858694957,4,7,2,2
297,AI,19,19,0.18,0.17,0.2610705051333462,0.18433372393520253,7,9,1,1
298,AI,20,20,0.35,0.25,0.17657825738904834,0.0798714312096011,11,2,4,1
299,AI,21,21,0.24,0.64,0.27096053921733987,0.167892078280732,3,1,1,5
300,AI,20,20,0.0,0.2,0.20702352457250037,0.13885172922205855,,5,0,1
301,Player,21,21,0.43,0.35,0.22933990197609816,0.06539723938544327,1,1,1,2
302,Player,20,20,0.44,0.24,0.14345524462104012,0.1073501660114767,3,11,2,1
303,Player,22,22,0.38,0.29,0.2304471067411917,0.07139256023362728,2,1,2,2
304,Player,22,22,0.21,0.18,0.26643590059606387,0.15463870132055807,5,7,1,1
305,Player,18,18,0.25,0.29,0.11561598880824096,0.15654283088614845,5,2,2,3
306,Player,18,18,0.39,0.29,0.15197418447827743,0.0569333870636397,4,4,3,1
307,Player,21,21,0.25,0.24,0.2872676215281048,0.10337050706446929,4,3,2,2
308,Player,18,18,0.29,0.24,0.22812527111926886,0.1344957326535668,7,4,3,1
309,AI,18,18,0.24,0.43,0.18146578750467104,0.060800897729333885,4,2,2,2
310,Player,20,20,0.19,0.41,0.17065197872156695,0.0902201245917329,9,3,2,4
311,AI,21,21,0.35,0.31,0.26140482473219434,0.1008222807456898,6,1,2,1
312,AI,18,18,0.24,0.46,0.14730272391992902,0.14878303660250217,8,2,3,3
313,AI,19,19,0.35,0.06,0.13328349448724122,0.19135862070185405,5,12,3,1
314,AI,17,17,0.24,0.46,0.20002881594730992,0.0518869271483013,2,1,2,2
315,Player,17,17,0.36,0.24,0.23436016020743825,0.09804814288570093,4,2,2,2
316,AI,18,18,0.18,0.38,0.13775792270919213,0.08375209580910165,5,1,1,3
317,Player,19,19,0.19,0.24,0.2951707771334575,0.06974010786433706,9,2,1,1
318,AI,21,21,0.24,0.29,0.2838763623282463,0.17037662040078755,5,2,1,1
319,Player,25,25,0.31,0.29,0.2713554641906199,0.11175495421049614,5,2,2,2
320,Player,20,20,0.18,0.18,0.19071133489073888,0.06327553503070588,13,14,2,2
321,Player,19,19,0.36,0.59,0.187216728961054,0.055710700798972876,3,2,1,4
322,AI,21,21,0.29,0.13,0.23542873047178522,0.1824533002327941,1,6,1,1
323,AI,22,22,0.41,0.21,0.24979773916344283,0.16930853266431767,3,5,2,1
324,AI,20,20,0.12,0.47,0.14230688002467728,0.10480639644398498,13,2,1,3
325,Player,19,19,0.44,0.53,0.14900912509578254,0.083479196704652,2,2,2,3
326,Player,23,23,0.13,0.29,0.24303077926127126,0.08830045630232135,1,2,1,3
327,Player,18,18,0.47,0.18,0.15625774579803292,0.09594062473029569,2,5,2,1
328,Player,20,20,0.31,0.35,0.241532479885924,0.17217210403955852,1,1,3,2
329,AI,20,20,0.29,0.21,0.18151559072964862,0.0899855348009957,7,5,4,1
330,Player,20,20,0.19,0.47,0.17660320018102288,0.07877050406521163,11,1,2,2
331,Player,19,19,0.25,0.41,0.275433703647912,0.10021558810142003,2,4,1,4
332,Player,22,22,0.07,0.29,0.23693907592709157,0.10579282502058113,15,2,1,1
333,Player,18,18,0.13,0.18,0.1570874635874257,0.19211524412620667,10,3,1,2
334,Player,17,17,0.21,0.35,0.11579265723247277,0.1391597239109714,6,1,1,3
335,Player,24,24,0.26,0.35,0.20333909131981132,0.08873592376741667,5,3,2,2
336,AI,21,21,0.18,0.17,0.28997367488809583,0.17435404947218158,10,5,2,1
337,Player,24,24,0.25,0.24,0.2511680084641529,0.1754451893456429,5,2,2,2
338,AI,21,21,0.29,0.33,0.25638976165789595,0.08061976226098638,5,6,2,1
339,AI,25,25,0.24,0.25,0.26057988530107745,0.12711693175718167,7,2,2,1
340,Player,21,21,0.2,0.24,0.2843015109554651,0.05840914073795189,6,2,2,2
341,AI,19,19,0.24,0.38,0.2532419956941201,0.11397933364610979,7,1,2,2
342,Player,24,24,0.25,0.18,0.2569979381387384,0.19308411872732306,3,2,2,1
343,Player,18,18,0.0,0.12,0.22259581850939913,0.12572629687942796,,5,0,1
344,Player,19,19,0.35,0.24,0.11686362522070058,0.11318845305761675,5,2,2,2
345,AI,22,22,0.39,0.44,0.19019453772828276,0.1484486386723315,3,2,3,2
346,AI,25,25,0.12,0.25,0.2802644302645725,0.10445029070849234,10,2,2,1
347,AI,17,17,0.0,0.08,0.11755297255855711,0.17113944723125316,,13,0,1
348,Player,21,21,0.29,0.29,0.19418538957626902,0.18840703742690734,3,3,2,1
349,AI,21,21,0.33,0.33,0.20527415281931702,0.15137263703698856,4,6,2,2
350,AI,23,23,0.24,0.25,0.2834095526298277,0.07272997444293537,7,5,2,2
351,Player,19,19,0.26,0.29,0.13635031750886922,0.10760269230000713,2,2,1,2
352,AI,18,18,0.35,0.13,0.15783914528942783,0.09476814552657437,3,2,2,1
353,Player,25,25,0.41,0.35,0.2873450624824465,0.14069188978407746,2,5,2,5
354,Player,18,18,0.29,0.35,0.1203482689792113,0.1213930385721013,9,2,2,2
355,Player,18,18,0.27,0.35,0.10402204753117282,0.17175340127003458,7,1,2,2
356,AI,17,17,0.18,0.43,0.18051676979911493,0.13045921870413488,6,1,1,4
357,AI,21,21,0.29,0.07,0.23597463693754983,0.08998482685303737,9,6,2,1
358,AI,17,17,0.29,0.33,0.10425387648250624,0.052263440739702606,3,1,3,2
359,AI,20,20,0.24,0.19,0.15617349312835188,0.1928249798882815,7,2,2,2
360,AI,20,20,0.24,0.15,0.21905725176284407,0.10076801116044679,3,1,2,1
361,AI,20,20,0.35,0.2,0.2343417778520447,0.0919862788774979,6,2,2,2
362,Player,17,17,0.44,0.35,0.10854402774761332,0.05225953994361174,1,2,1,3
363,Player,21,21,0.25,0.41,0.17808504960579635,0.12487244391319337,8,1,1,2
364,Player,19,19,0.58,0.29,0.16454282020799027,0.18968843005705371,2,1,4,2
365,Player,23,23,0.12,0.29,0.1514865658268844,0.06270776152914487,3,2,2,2
366,Player,19,19,0.17,0.41,0.22495367338804262,0.06451717598357426,9,3,2,4
367,Player,19,19,0.33,0.24,0.10337641777352864,0.0581113377932168,3,2,2,1
368,AI,20,20,0.29,0.13,0.27764073805172773,0.11930926238631352,4,5,3,1
369,AI,20,20,0.29,0.44,0.1825839564334089,0.09073188826607329,9,2,4,4
370,Player,19,19,0.44,0.24,0.1051205280119648,0.1521408540937728,2,9,2,3
371,Player,19,19,0.41,0.18,0.15508880059916966,0.17579827645368767,4,6,2,2
372,Player,19,19,0.29,0.12,0.10917848942523445,0.08833983809268281,2,1,2,1
373,AI,18,18,0.47,0.43,0.280161673748743,0.09688601505526055,1,1,3,3
374,AI,19,19,0.29,0.33,0.15320141971489465,0.18382938976650343,8,1,3,2
375,AI,18,18,0.18,0.4,0.253455430259354,0.1852800730882071,8,3,2,3
376,Player,18,18,0.15,0.41,0.15284817708875956,0.11158015730782987,3,1,1,3
377,AI,21,21,0.35,0.27,0.23910369167543766,0.12987196048725316,1,1,2,1
378,AI,19,19,0.24,0.18,0.1805475465912064,0.06443990706712129,6,3,1,1
379,AI,21,21,0.18,0.33,0.21859310313876,0.08313296390452342,10,2,2,2
380,AI,18,18,0.24,0.27,0.15260576696686984,0.08586559576561806,5,5,1,3
381,Player,21,21,0.38,0.29,0.26924014971400834,0.17803082337608273,4,8,3,3
382,Player,20,20,0.27,0.53,0.19064280312468235,0.19766094004632256,1,2,2,3
383,Player,27,27,0.47,0.29,0.2588944663168793,0.14237178040480705,5,11,4,3
384,Player,19,19,0.23,0.29,0.28802566112891126,0.1348622551194047,5,8,2,2
385,Player,21,21,0.31,0.41,0.21699204427551105,0.07749117939476441,9,1,4,2
386,AI,19,19,0.29,0.33,0.19402211726360308,0.05543915347006878,4,1,3,3
387,Player,19,19,0.25,0.29,0.16648030707964215,0.18365246311263922,4,1,3,2
388,Player,20,20,0.31,0.41,0.24365189898331469,0.1482621655045943,3,1,2,3
389,AI,22,22,0.35,0.47,0.2173263240598256,0.16436118271269368,2,1,2,3
390,Player,20,20,0.0,0.24,0.23624097028094487,0.07867278722419306,,1,0,1
391,Player,17,17,0.29,0.35,0.19899368716304497,0.17497174196909662,5,2,2,4
392,AI,18,18,0.18,0.38,0.17909222308491365,0.1292595851068276,3,3,2,2
393,Player,23,23,0.33,0.35,0.2590899753110155,0.19570028237098436,4,2,2,2
394,Player,22,22,0.19,0.35,0.2644753087803402,0.1497229106746769,3,6,2,2
395,Player,18,18,0.56,0.29,0.12072755618692327,0.11684166796974617,3,1,4,4
396,AI,17,17,0.24,0.31,0.11291174985322538,0.18098690386581406,8,1,2,1
397,Player,20,20,0.24,0.18,0.18507310703628094,0.17776002401976693,2,2,2,1
398,AI,20,20,0.29,0.07,0.19486630403368965,0.1287080913930665,2,8,1,1
399,Player,20,20,0.25,0.35,0.21632265590255328,0.06000070711253683,10,2,2,2
400,Player,22,22,0.38,0.24,0.2643734653639256,0.11100148177058829,2,6,1,1
401,Player,20,20,0.24,0.24,0.11024289141115395,0.09265732040318944,7,12,1,2
402,Player,19,19,0.44,0.35,0.19349966792556644,0.17192134145453758,5,3,3,3
403,Player,24,24,0.31,0.41,0.18133888684932295,0.1000145155255216,2,6,3,4
404,AI,20,20,0.12,0.31,0.18297031254776555,0.08998287019469906,14,1,1,2
405,Player,18,18,0.18,0.35,0.16217484075591732,0.11636408677721827,9,1,2,2
406,AI,22,22,0.29,0.25,0.1620746401881876,0.08788444439209675,1,2,1,1
407,Player,21,21,0.31,0.41,0.16725288427470084,0.12631959535551118,5,1,1,2
408,Player,22,22,0.31,0.29,0.2814990704519771,0.1439755555168144,4,5,2,2
409,Player,20,20,0.38,0.29,0.1652032543970803,0.16771715692148714,3,2,3,1
410,AI,21,21,0.29,0.29,0.18350266293747847,0.0863230282232863,6,1,2,2
411,AI,20,20,0.18,0.31,0.24055172728670696,0.11873393431748973,9,1,2,2
412,AI,18,18,0.29,0.38,0.24107606928344108,0.07218263566524719,4,1,3,2
413,AI,22,22,0.24,0.27,0.23955410529047622,0.1412703213981228,4,5,1,2
414,Player,18,18,0.29,0.24,0.12543709442144305,0.14680726853117873,2,1,2,2
415,Player,20,20,0.29,0.35,0.12232259166124443,0.05064407992298762,3,5,1,2
416,Player,20,20,0.21,0.47,0.26050587844489614,0.12246821861165502,7,3,2,3
417,AI,20,20,0.12,0.4,0.18777286100816964,0.08417707638560387,16,2,2,2
418,Player,20,20,0.19,0.12,0.18410943021577314,0.12616176630767773,1,3,1,2
419,AI,21,21,0.24,0.47,0.1908392636824549,0.06939944692441091,9,1,2,2
420,Player,19,19,0.19,0.29,0.10831043964586783,0.1616827031830293,13,1,2,3
421,AI,19,19,0.47,0.53,0.15669612252043513,0.11915066579375476,6,1,3,4
422,Player,20,20,0.19,0.24,0.2952052565329143,0.1828688739567842,9,1,1,1
423,Player,21,21,0.31,0.29,0.21730597068751129,0.18124335636610744,2,6,2,2
424,Player,19,19,0.35,0.35,0.10515700775928326,0.08905280003433927,5,1,2,2
425,Player,21,21,0.0,0.29,0.2784360415724978,0.06310106906703505,,1,0,2
426,Player,19,19,0.24,0.35,0.10435419782286987,0.18727739461793402,4,3,1,1
427,AI,17,17,0.24,0.38,0.11321789384943584,0.17006293859727567,2,2,2,4
428,AI,25,25,0.53,0.27,0.27505666685122715,0.08187093917999874,1,2,3,1
429,Player,22,22,0.25,0.35,0.20185061623759754,0.1644493694113464,9,1,1,2
430,Player,19,19,0.29,0.18,0.11572974979071637,0.0871923782223209,1,4,2,1
431,AI,19,19,0.06,0.23,0.29406128014114163,0.12637602682439172,16,2,1,1
432,Player,19,19,0.38,0.24,0.1885277825771658,0.07625102865259285,1,7,3,2
433,Player,21,21,0.42,0.35,0.27736166736561374,0.11890905119489541,3,1,2,2
434,AI,25,25,0.29,0.12,0.23807749627292843,0.17420689393294672,2,8,1,1
435,Player,17,17,0.19,0.35,0.11948757143823692,0.16093869980617365,5,3,3,2
436,AI,22,22,0.24,0.2,0.259680251203601,0.18836951585261913,3,6,2,1
437,Player,18,18,0.36,0.24,0.135469845779371,0.07429769203815341,2,1,2,2
438,AI,18,18,0.29,0.33,0.10994211805447703,0.05479685733876153,5,2,1,3
439,Player,19,19,0.25,0.35,0.14107853664074832,0.07377856255848947,7,2,2,3
440,AI,18,18,0.24,0.19,0.1385864552873751,0.05624875064710689,8,8,2,1
441,Player,23,23,0.33,0.41,0.2814177170105203,0.07558525890336339,6,4,1,4
442,Player,21,21,0.42,0.53,0.20058987082710122,0.08011806590488509,2,1,2,4
443,AI,20,20,0.18,0.38,0.2910751160340259,0.196668418219845,3,1,1,2
444,Player,18,18,0.27,0.24,0.29287608269979143,0.07129837580662103,2,6,1,3
445,Player,21,21,0.38,0.24,0.22696571834919269,0.1847889189274386,9,1,4,1
446,AI,21,21,0.29,0.33,0.20667133456273507,0.07894080590432877,4,1,2,1
447,AI,18,18,0.0,0.25,0.18152171964676195,0.09113934640029187,,1,0,1
448,Player,19,19,0.29,0.41,0.12988832996683733,0.12296113059327463,9,2,3,3
449,AI,22,22,0.29,0.13,0.27242256911904994,0.16989588202854417,9,10,2,1
450,Player,21,21,0.35,0.41,0.21626374884668695,0.18384069750982235,2,1,3,2
451,Player,21,21,0.33,0.29,0.14378319604727546,0.1589880981035548,2,3,2,2
452,Player,18,18,0.33,0.18,0.12436119399279298,0.11744984726678835,5,2,2,1
453,Player,20,20,0.25,0.24,0.13515407361094295,0.1336497977828269,2,2,1,2
454,Player,19,19,0.29,0.12,0.10455613955331632,0.09282041253287363,4,15,3,1
455,Player,19,19,0.13,0.35,0.26857887655979856,0.1314635345094859,3,3,2,2
456,AI,18,18,0.24,0.4,0.14921076439033565,0.08295645159608159,14,3,4,3
457,Player,23,23,0.29,0.24,0.2795323506368299,0.14180819285170937,2,2,2,1
458,Player,28,28,0.47,0.35,0.28545194677902863,0.18636429035279845,1,1,3,3
459,AI,21,21,0.35,0.38,0.20059243819654554,0.0810539575704534,6,3,3,2
460,Player,30,30,0.58,0.53,0.2974707918842193,0.079933741088438,2,1,3,3
461,AI,18,18,0.18,0.08,0.17327181488127802,0.12849835475705249,13,1,2,1
462,Player,21,21,0.5,0.41,0.293142601508652,0.19069922308948295,2,2,4,3
463,Player,21,21,0.12,0.41,0.22755568862081427,0.15035770149153554,14,1,1,2
464,Player,18,18,0.0,0.41,0.2724516952190054,0.08328138569155802,,4,0,3
465,AI,21,21,0.24,0.18,0.29488060968036167,0.16841229509193328,11,1,2,1
466,AI,25,25,0.39,0.31,0.29701621371759007,0.11683900627702846,4,1,2,2
467,Player,18,18,0.18,0.41,0.13488610101877085,0.19875981560215772,2,2,1,2
468,Player,20,20,0.33,0.24,0.17331275745680616,0.1913200668792865,1,7,2,2
469,AI,19,19,0.0,0.33,0.11342676993107584,0.15425774731654673,,1,0,1
470,Player,23,23,0.21,0.24,0.251246304008088,0.10586773767492423,7,2,1,1
471,AI,20,20,0.29,0.27,0.23984441317894825,0.1745046836279603,2,1,2,1
472,Player,21,21,0.31,0.53,0.2906488238357333,0.15419870403363464,10,5,4,4
473,AI,19,19,0.35,0.19,0.11330060460961958,0.08902207122323869,2,1,2,1
474,AI,20,20,0.06,0.27,0.19944647933900284,0.1763662384859253,16,6,1,3
475,Player,23,23,0.12,0.35,0.2745928474360362,0.08880136838688042,13,4,1,2
476,Player,24,24,0.4,0.47,0.2658202673807123,0.07890053582425754,7,2,4,3
477,Player,17,17,0.36,0.35,0.229448736626545,0.1653455274521497,1,1,1,3
478,Player,23,23,0.19,0.24,0.27938885926605006,0.05142269037479569,11,3,2,2
479,Player,22,22,0.44,0.47,0.28302414297813205,0.13139566299856315,2,1,3,3
480,Player,20,20,0.47,0.29,0.17667612731685545,0.17807837336442606,4,2,3,1
481,AI,19,19,0.0,0.33,0.11012035877059988,0.15739478349494168,,2,0,2
482,Player,19,19,0.21,0.29,0.2334639198203229,0.18840524025278033,6,2,1,2
483,AI,18,18,0.24,0.46,0.21142222974155112,0.08943301067665044,11,1,1,2
484,AI,21,21,0.24,0.13,0.17368464648706944,0.1739634621524234,1,8,2,1
485,AI,19,19,0.12,0.33,0.2649351246831,0.18240769435352183,14,1,1,2
486,Player,18,18,0.44,0.24,0.1074697719036102,0.13638333395373267,1,3,3,2
487,AI,18,18,0.29,0.31,0.17644630665007308,0.08372994434802997,8,11,3,3
488,Player,18,18,0.36,0.24,0.11240989227049399,0.18191963283984586,8,5,3,1
489,Player,20,20,0.36,0.12,0.255777391195776,0.08671682414324373,5,6,4,1
490,Player,20,20,0.47,0.41,0.23962252066913817,0.14252500242238292,3,1,5,2
491,Player,21,21,0.4,0.35,0.24861993453955689,0.16821258502033673,2,2,2,2
492,AI,20,20,0.29,0.33,0.11379579479925844,0.19045288051946935,4,1,2,1
493,Player,26,26,0.38,0.24,0.2672894081670476,0.08572587381954355,2,4,2,1
494,Player,23,23,0.4,0.29,0.2598036898978579,0.17525159618804637,1,1,2,2
495,AI,23,23,0.29,0.25,0.16222398631923085,0.19582933722029744,1,5,2,2
496,Player,23,23,0.41,0.18,0.2638098192467577,0.06524117082533686,2,3,5,2
497,AI,22,22,0.29,0.27,0.21088234614387574,0.1062662809835597,3,1,2,2
498,Player,22,22,0.29,0.18,0.13892725551920412,0.06558999019062538,2,8,2,2
499,Player,20,20,0.06,0.24,0.15328176820562858,0.1560957771907269,16,6,1,2
500,Player,18,18,0.25,0.29,0.11593824316539013,0.11314665117118683,4,1,2,2
501,Player,24,24,0.25,0.47,0.2214100745577926,0.07232681210794989,8,2,2,2
502,AI,18,18,0.18,0.53,0.13364932297400417,0.14789057246840936,8,2,2,5
503,Player,22,22,0.31,0.29,0.2535085636356902,0.05459873292318336,7,4,2,2
504,Player,22,22,0.35,0.18,0.2452873159862179,0.1191221629231931,1,4,2,1
505,Player,25,25,0.19,0.35,0.2919820086456195,0.07132968860931828,2,1,2,3
506,Player,22,22,0.31,0.47,0.25889135304373034,0.09721801680416572,5,3,2,2
507,AI,19,19,0.29,0.38,0.14541383568215432,0.07223201709070835,8,1,3,2
508,Player,19,19,0.0,0.24,0.20198118145283292,0.10254337384262138,,8,0,2
509,Player,19,19,0.24,0.35,0.12185686645377075,0.11424623321903196,5,6,2,3
510,Player,23,23,0.31,0.41,0.24038630207539893,0.0947785028479104,2,1,2,4
511,Player,19,19,0.47,0.35,0.19409064796370717,0.0615696916411672,6,3,4,2
512,Player,21,21,0.33,0.47,0.21335634201507137,0.11202818743284265,3,3,2,4
513,Player,17,17,0.47,0.35,0.12913609683286847,0.1954429024626168,7,1,6,2
514,AI,22,22,0.35,0.57,0.25793588080482255,0.18702562344502865,3,3,2,6
515,Player,22,22,0.23,0.47,0.17669018146527474,0.08909120790548215,7,2,1,3
516,AI,19,19,0.35,0.46,0.2531555514408135,0.07302078677387915,4,2,2,3
517,Player,19,19,0.38,0.24,0.28027249015039485,0.19728599034416988,2,4,3,2
518,Player,18,18,0.28,0.29,0.10894757562714115,0.05105015134280722,8,4,3,1
519,AI,19,19,0.35,0.27,0.10119458824115508,0.08467904297727354,2,2,2,1
520,Player,17,17,0.2,0.18,0.1988881451326201,0.08425507183644182,11,1,2,1
521,Player,19,19,0.25,0.35,0.12433917637433774,0.1954918766438113,7,6,2,3
522,Player,23,23,0.35,0.29,0.2520954911285723,0.18280932738248096,4,2,2,2
523,Player,22,22,0.47,0.47,0.24049728768147938,0.07302975128127226,1,1,4,4
524,AI,20,20,0.24,0.57,0.13995853437847353,0.13792337198283933,2,1,2,3
525,Player,20,20,0.23,0.29,0.2152503102966475,0.13371291611635566,2,5,1,1
526,AI,19,19,0.41,0.2,0.11735392841206052,0.14375085658668235,4,2,2,1
527,AI,18,18,0.29,0.36,0.14014772215342483,0.18862037376561763,3,1,3,2
528,Player,22,22,0.25,0.35,0.23879756117831943,0.1771556289545026,7,3,2,3
529,Player,18,18,0.25,0.35,0.11088813776555176,0.1221722776742007,4,2,2,4
530,Player,20,20,0.44,0.18,0.16944438120518032,0.1834929830425856,2,12,2,2
531,AI,20,20,0.29,0.44,0.2584577304312772,0.0689460342594932,1,1,2,2
532,AI,19,19,0.35,0.25,0.20489353890309586,0.14599360349465978,3,1,2,2
533,AI,19,19,0.56,0.12,0.1719403516347386,0.16384563620360698,1,3,2,1
534,Player,18,18,0.0,0.29,0.1216987892426513,0.1477801513773861,,2,0,2
535,Player,23,23,0.35,0.35,0.1865580613633399,0.13386211402678633,8,2,2,2
536,Player,22,22,0.38,0.47,0.21202029157488755,0.17630128149365154,6,1,3,4
537,AI,18,18,0.29,0.31,0.16732081438108387,0.16279906564063212,7,2,2,1
538,Player,20,20,0.44,0.29,0.17690244582253994,0.08132662394715134,3,4,2,2
539,AI,20,20,0.18,0.43,0.21507839102625467,0.06813794903132685,6,3,2,3
540,AI,19,19,0.18,0.19,0.1298786777473697,0.0797967136104921,1,9,2,2
541,AI,20,20,0.35,0.2,0.192574947485007,0.08947723005342047,1,4,2,2
542,Player,25,25,0.12,0.29,0.2834479065652875,0.06412304339164311,14,6,1,2
543,Player,22,22,0.31,0.24,0.27832434133798745,0.13917862946542378,2,6,1,2
544,Player,18,18,0.47,0.59,0.13250736858921733,0.15215342663042958,3,2,2,4
545,Player,22,22,0.29,0.35,0.22231454275548168,0.12485684648493374,7,4,2,3
546,AI,22,22,0.18,0.25,0.2502314023296084,0.09845042422192993,7,4,2,1
547,AI,18,18,0.35,0.42,0.2376753707532192,0.170496997219107,6,1,2,2
548,Player,21,21,0.24,0.18,0.18074703599571787,0.17941093087248722,6,9,1,1
549,AI,22,22,0.12,0.5,0.28814067787385056,0.08589545342220364,15,3,1,2
550,Player,22,22,0.43,0.29,0.20243218428908694,0.08429942397817741,3,2,3,3
551,AI,19,19,0.12,0.38,0.12555313714870805,0.15719119619457733,10,4,1,4
552,Player,21,21,0.08,0.24,0.2570528340525706,0.1322311198332301,10,2,1,1
553,Player,21,21,0.29,0.41,0.19111970696304253,0.11060096537407296,1,1,2,3
554,Player,18,18,0.43,0.47,0.1516879467991688,0.14513936460047477,1,2,2,4
555,Player,21,21,0.47,0.24,0.24278407075676478,0.19512422642325883,2,6,3,2
556,AI,18,18,0.41,0.36,0.19067919981614662,0.1723254041494387,5,3,2,2
557,AI,18,18,0.18,0.36,0.19028830259327495,0.1112742184493821,8,1,1,1
558,AI,19,19,0.41,0.57,0.23239536887410142,0.13354068454593854,2,1,2,4
559,AI,23,23,0.0,0.25,0.21135567644137104,0.11206832902953812,,7,0,2
560,Player,21,21,0.0,0.29,0.2099444085559463,0.15917814388549215,,1,0,1
561,AI,18,18,0.35,0.53,0.1036513802566516,0.17266720603355545,1,1,2,3
562,AI,18,18,0.24,0.12,0.190685216038852,0.06271618538525559,13,3,3,1
563,Player,18,18,0.41,0.29,0.262667740559128,0.17353831036196993,4,1,2,2
564,Player,20,20,0.33,0.24,0.22693337663510046,0.1652943368778932,5,1,3,1
565,AI,21,21,0.39,0.38,0.1957487040307414,0.09323221833876033,10,2,3,4
566,Player,24,24,0.18,0.35,0.2331327890870488,0.16764455788264998,8,1,1,3
567,AI,20,20,0.29,0.38,0.1124912387381559,0.08972419052238581,12,3,3,4
568,Player,19,19,0.27,0.18,0.19747104001087745,0.09061106573031764,7,1,3,1
569,Player,19,19,0.08,0.12,0.22569476376572695,0.09983074196361065,13,9,1,1
570,AI,17,17,0.24,0.25,0.10492217531897903,0.12811443417723822,1,1,2,2
571,AI,18,18,0.35,0.25,0.157649400356433,0.1513610478153905,4,1,2,1
572,Player,19,19,0.25,0.29,0.17112424489178585,0.062205279112243446,3,1,4,3
573,AI,19,19,0.18,0.31,0.13124773591503242,0.057421645397918414,10,1,2,2
574,AI,20,20,0.35,0.27,0.21853561159556983,0.17985634357287555,1,1,3,1
575,Player,19,19,0.2,0.18,0.22850213315280735,0.12648989278457973,12,7,2,1
576,Player,20,20,0.56,0.24,0.1612311114849806,0.09399879438976219,2,2,3,3
577,AI,22,22,0.44,0.38,0.2668776441572278,0.13017814525826088,1,3,2,2
578,Player,20,20,0.38,0.18,0.20358007847523119,0.19725167153503537,1,2,3,1
579,Player,21,21,0.41,0.41,0.2530399850275421,0.18329856247941217,1,1,3,2
580,Player,18,18,0.06,0.29,0.20354791231819153,0.16507485936514027,16,2,1,1
581,Player,20,20,0.13,0.18,0.2728681921880234,0.16415518573184734,12,6,1,1
582,Player,18,18,0.44,0.41,0.17311096087366917,0.18559285129384917,1,2,2,2
583,AI,19,19,0.24,0.36,0.16239121211015717,0.11649041854750086,3,5,1,2
584,AI,22,22,0.35,0.13,0.2930659857711557,0.08649346199144067,1,4,2,1
585,Player,19,19,0.29,0.24,0.16570105083245135,0.06857380168070339,9,1,3,1
586,Player,22,22,0.19,0.29,0.1547495521328185,0.1980560225105512,6,4,2,2
587,Player,19,19,0.47,0.24,0.13138915991067288,0.06598818561074385,1,3,2,3
588,Player,18,18,0.29,0.24,0.2319189510596945,0.08565432190603803,7,3,3,2
589,Player,22,22,0.21,0.24,0.233057225654614,0.1972733539817057,6,3,2,2
590,AI,23,23,0.41,0.27,0.2838048791394915,0.06966834426012752,1,4,2,1
591,Player,19,19,0.42,0.47,0.1497284460028829,0.14748418870211488,1,1,3,2
592,AI,20,20,0.5,0.19,0.11944543047110892,0.12283900524990915,4,1,3,1
593,Player,23,23,0.19,0.29,0.1918017718058029,0.09337967275503445,2,4,1,2
594,AI,17,17,0.35,0.4,0.11609308015536018,0.19255036748117355,2,2,2,3
595,Player,21,21,0.44,0.18,0.26672933306435265,0.07764120772527117,7,6,3,3
596,AI,17,17,0.18,0.53,0.10159901411505806,0.06878104254903364,9,3,2,4
597,AI,22,22,0.18,0.4,0.2447419498286109,0.06765587682576148,12,3,2,3
598,AI,18,18,0.35,0.31,0.1684466554586061,0.12170856317721758,2,2,2,2
599,AI,18,18,0.18,0.25,0.21667855470271785,0.1886862969164561,2,1,1,1
600,Player,20,20,0.35,0.47,0.19299938280664747,0.1368950940127857,2,1,2,2
601,Player,19,19,0.33,0.18,0.14397047663141416,0.07864371303091673,7,2,3,1
602,Player,20,20,0.19,0.47,0.1366390566272619,0.07804224319302996,5,2,1,3
603,Player,17,17,0.25,0.41,0.15196426392508852,0.06156680160061264,2,6,2,2
604,Player,18,18,0.09,0.12,0.2872336488585148,0.1423504580968773,11,13,1,1
605,AI,19,19,0.29,0.44,0.18982772275417922,0.06255863250304053,9,1,3,4
606,AI,17,17,0.24,0.29,0.11109451207715895,0.12780992164777566,2,1,1,1
607,AI,18,18,0.18,0.38,0.10596369844644174,0.11824108761040228,5,2,1,2
608,Player,19,19,0.28,0.65,0.10812545073780927,0.1511741283543544,9,2,2,4
609,AI,22,22,0.28,0.27,0.22041839207233427,0.06703563725829591,3,8,3,2
610,AI,18,18,0.0,0.33,0.11700203868166906,0.09880711868489132,,6,0,3
611,Player,21,21,0.12,0.35,0.18968029942444675,0.06915650818715925,8,3,1,2
612,AI,22,22,0.18,0.31,0.2779552564060495,0.16447126168339243,11,5,1,3
613,Player,25,25,0.47,0.47,0.26276100452248097,0.05009199342122045,1,2,3,3
614,Player,24,24,0.4,0.41,0.15872452440027857,0.15001149357134352,2,4,4,3
615,AI,19,19,0.18,0.47,0.2820736058761849,0.09193093049442486,8,5,2,4
616,Player,22,22,0.21,0.41,0.25019732131090255,0.07764245152827041,5,1,1,3
617,Player,19,19,0.19,0.06,0.1944664415891595,0.0898784992001633,7,6,2,1
618,AI,18,18,0.18,0.12,0.2111770289795748,0.10020895382464508,3,15,1,2
619,AI,19,19,0.5,0.38,0.1752594938804566,0.198035445641762,2,1,3,1
620,Player,21,21,0.28,0.18,0.16462384990716625,0.15598054943211867,5,1,2,1
621,Player,23,23,0.33,0.47,0.2783696807933737,0.08149711781163568,5,1,2,4
622,AI,22,22,0.41,0.31,0.1698631664293491,0.15324969826419294,1,3,3,2
623,AI,18,18,0.29,0.5,0.2512719774973653,0.08476778580205124,5,1,4,3
624,Player,17,17,0.4,0.29,0.14100388544236983,0.09172883230151826,4,5,4,3
625,Player,20,20,0.47,0.35,0.2766197434871286,0.10741786017384009,1,3,2,3
626,AI,19,19,0.33,0.25,0.1824693169448084,0.11213433930306071,9,1,3,1
627,Player,20,20,0.31,0.41,0.15235894645970133,0.11418070733887033,7,4,2,5
628,Player,18,18,0.25,0.29,0.17360852691755052,0.06425371907889682,2,8,1,2
629,Player,20,20,0.24,0.35,0.11615456872827246,0.05768662947041143,2,4,2,2
630,Player,19,19,0.43,0.24,0.2120776540304817,0.07890438050209869,1,11,1,1
631,Player,19,19,0.29,0.35,0.13319577793445958,0.19159402346352367,8,1,3,2
632,AI,24,24,0.44,0.38,0.19914965421702613,0.05289290680172286,6,1,4,4
633,Player,22,22,0.24,0.29,0.2658972371805224,0.17692732143573753,1,1,2,2
634,Player,19,19,0.2,0.29,0.1279980732227665,0.07814126926506118,4,2,1,2
635,Player,20,20,0.29,0.18,0.11513757755573129,0.08204638229408484,3,7,2,2
636,Player,19,19,0.29,0.12,0.10605306652315588,0.1331384174904853,5,1,2,2
637,AI,19,19,0.29,0.12,0.14355527167539306,0.15378547993133612,1,1,2,1
638,Player,18,18,0.44,0.41,0.18919317865924612,0.0991843144455579,1,1,2,3
639,AI,22,22,0.24,0.25,0.2521201131835804,0.0934249668968086,11,4,2,1
640,Player,21,21,0.36,0.47,0.29198165337217463,0.12389334510804155,1,1,2,4
641,Player,22,22,0.13,0.35,0.27707308823863885,0.13950352817244144,9,1,1,3
642,AI,19,19,0.18,0.12,0.16731448407861577,0.11269953057390612,10,6,1,1
643,AI,21,21,0.35,0.0,0.17959421493634262,0.08851074576655127,4,,2,0
644,Player,24,24,0.18,0.59,0.27078055824343017,0.1741284490537586,7,1,2,4
645,AI,20,20,0.18,0.38,0.15991026942784453,0.06476745249111797,11,3,3,3
646,Player,19,19,0.38,0.47,0.17990749680964252,0.08991228981008456,1,5,3,3
647,Player,24,24,0.5,0.35,0.27676894828783694,0.1134014917116435,1,4,2,2
648,Player,18,18,0.44,0.41,0.11787353006472033,0.07083788562323132,1,3,2,5
649,Player,21,21,0.0,0.35,0.226972164556308,0.1517474446783969,,3,0,2
650,AI,22,22,0.35,0.13,0.2476878852990613,0.1954759317479312,7,2,3,1
651,Player,18,18,0.0,0.18,0.29312000517597714,0.12509126059933826,,4,0,1
652,AI,18,18,0.06,0.43,0.23304474383706134,0.05362286868794086,17,3,1,3
653,Player,19,19,0.12,0.35,0.15300618145096107,0.15757566835491,10,6,2,1
654,Player,22,22,0.4,0.29,0.17492778445503182,0.17118950554694556,1,1,2,2
655,AI,20,20,0.24,0.27,0.17817855804670102,0.19012427687148503,12,5,2,2
656,Player,19,19,0.17,0.18,0.26226991431798674,0.15825352283124022,11,9,2,1
657,AI,19,19,0.24,0.25,0.19993833441527364,0.09810139991033323,8,4,3,1
658,Player,17,17,0.33,0.35,0.22005657940988418,0.07619307273448199,4,2,2,2
659,Player,19,19,0.2,0.29,0.14350051210601353,0.1517625554029443,8,1,1,1
660,Player,19,19,0.27,0.41,0.227756039429834,0.1578484848474066,5,2,2,3
661,Player,18,18,0.0,0.47,0.19735240063089265,0.06268467559313443,,1,0,2
662,AI,18,18,0.18,0.31,0.14173092944054516,0.1600432582427712,8,3,2,2
663,Player,18,18,0.27,0.24,0.11725321588375413,0.19990389254450946,8,1,2,2
664,Player,18,18,0.54,0.35,0.15723681351835478,0.1658699065519928,3,1,3,2
665,Player,18,18,0.47,0.53,0.24318998411070833,0.0841872071872535,3,2,4,3
666,AI,21,21,0.29,0.36,0.2317165799988896,0.1589074007069919,1,3,1,2
667,AI,26,26,0.47,0.38,0.29860285816979293,0.09464715226606077,1,1,2,1
668,AI,22,22,0.12,0.4,0.28227507875310653,0.13577089200713507,9,1,1,2
669,AI,19,19,0.41,0.23,0.20494996969227225,0.05495947526728924,1,3,3,2
670,AI,25,25,0.41,0.38,0.14908978643078236,0.14076489400699277,2,3,2,4
671,Player,20,20,0.31,0.41,0.1589463012839935,0.15078842954698782,6,4,2,3
672,AI,22,22,0.29,0.2,0.1913936739352795,0.09175674790559182,2,2,1,1
673,AI,21,21,0.35,0.29,0.28336603864007437,0.11237399058945483,1,4,2,2
674,Player,19,19,0.0,0.24,0.16008329845558794,0.07525207201945494,,12,0,2
675,Player,22,22,0.23,0.53,0.23206229707211917,0.17296605588164737,9,1,2,4
676,Player,21,21,0.53,0.18,0.2627859587258149,0.16174409072149504,4,1,3,1
677,AI,20,20,0.18,0.31,0.2574553176347214,0.1278027329308967,2,1,2,2
678,Player,23,23,0.12,0.47,0.24376669996429082,0.12729783830545222,6,1,1,4
679,Player,19,19,0.35,0.41,0.1694532344331569,0.19394677306050973,6,1,2,3
680,Player,26,26,0.29,0.35,0.2973883592368239,0.05679677962068544,8,4,2,4
681,Player,18,18,0.43,0.29,0.1634112785963731,0.19630382786260592,3,1,3,2
682,Player,19,19,0.33,0.18,0.10360988623570706,0.09295233233062977,3,5,1,2
683,AI,23,23,0.29,0.31,0.2776062895057724,0.14016599193740792,4,2,2,2
684,Player,21,21,0.18,0.35,0.14738765128884573,0.17987912840841236,14,1,2,3
685,AI,17,17,0.35,0.44,0.16184007370712977,0.13480893800482607,2,1,2,4
686,AI,21,21,0.41,0.44,0.2284323980595512,0.06278974380502046,4,1,3,2
687,AI,20,20,0.35,0.55,0.29150727460536774,0.11001617455106671,1,1,2,5
688,Player,17,17,0.12,0.47,0.10665220909337424,0.053756986609818605,2,3,1,5
689,Player,21,21,0.31,0.29,0.2826508221532453,0.12942494146718878,3,3,2,2
690,Player,23,23,0.2,0.35,0.23600131539149136,0.19704412222986795,2,4,1,2
691,AI,18,18,0.06,0.31,0.23925549216703448,0.16524921656968383,14,3,1,2
692,Player,18,18,0.41,0.53,0.14909453836424752,0.10613583224399997,2,1,4,5
693,Player,20,20,0.2,0.29,0.27657098162848237,0.19544419459137868,10,9,1,2
694,Player,22,22,0.41,0.35,0.1428962277040015,0.09633266178587324,2,2,2,2
695,Player,20,20,0.41,0.24,0.19120688709695663,0.140052696315976,2,1,2,2
696,Player,21,21,0.29,0.24,0.2746756450759491,0.08110142421850122,8,4,4,1
697,Player,20,20,0.29,0.24,0.28043403164746283,0.19675120044072486,8,2,3,1
698,AI,21,21,0.18,0.19,0.29197904674527475,0.15986426708276502,2,8,2,1
699,Player,21,21,0.27,0.24,0.18912225873089977,0.13423961493174505,2,5,2,2
700,Player,22,22,0.44,0.35,0.293495733217238,0.08005043254525818,5,1,2,1
701,Player,20,20,0.12,0.29,0.19934831783742177,0.1353415001820647,15,2,1,3
702,AI,25,25,0.18,0.4,0.27289117250557354,0.18517728914155374,6,4,1,3
703,Player,20,20,0.35,0.06,0.2692488197231626,0.17758276746735008,8,6,5,1
704,Player,19,19,0.28,0.29,0.10850084865271299,0.1600453878121311,2,1,3,2
705,Player,19,19,0.18,0.41,0.13419026486980978,0.18008587022836375,3,3,2,2
706,Player,21,21,0.2,0.47,0.20992118053732106,0.19689298583991355,11,1,3,3
707,Player,21,21,0.46,0.41,0.2512761081965117,0.07661195461347034,2,2,3,2
708,Player,21,21,0.38,0.18,0.27805612576280164,0.08489280508304867,2,2,2,1
709,Player,22,22,0.0,0.35,0.23563322439007917,0.18430173561482016,,1,0,2
710,Player,20,20,0.44,0.53,0.1767827399433355,0.11083027555083291,2,1,2,4
711,AI,20,20,0.41,0.5,0.27295094961925814,0.16963748497968598,6,2,4,3
712,Player,18,18,0.18,0.35,0.13745332212109365,0.07257263007997067,2,5,2,4
713,Player,18,18,0.53,0.29,0.13105479429301153,0.1689106165006457,4,2,3,2
714,AI,20,20,0.29,0.43,0.12527998903253962,0.08366588104052122,2,2,1,2
715,AI,17,17,0.29,0.5,0.13729006388341097,0.15188257140745262,2,7,2,5
716,AI,17,17,0.29,0.06,0.10060752921385281,0.09396755770185358,3,12,2,1
717,Player,18,18,0.31,0.35,0.17220099019942461,0.19214508848623835,1,1,1,2
718,AI,19,19,0.35,0.56,0.2817440013866108,0.11322985012548184,3,2,2,5
719,AI,22,22,0.35,0.4,0.21971523258257958,0.1530883885868506,5,1,4,2
720,Player,19,19,0.07,0.29,0.1509286447231822,0.17587260549455708,15,2,1,2
721,AI,19,19,0.41,0.27,0.17232964960128036,0.11618535059810159,7,5,3,2
722,AI,25,25,0.29,0.25,0.2551492490235375,0.07936852258040039,9,4,3,1
723,AI,19,19,0.22,0.17,0.16224487470054993,0.16455495891120844,2,7,2,1
724,AI,23,23,0.59,0.13,0.1892494515112698,0.19290844219699815,1,6,3,1
725,Player,20,20,0.2,0.12,0.28557028364388376,0.07728572763603028,9,7,2,1
726,Player,21,21,0.29,0.24,0.28145749154787536,0.11481335244462977,5,1,2,1
727,Player,17,17,0.36,0.35,0.1525177956290198,0.059042743775998045,4,1,3,1
728,Player,22,22,0.31,0.29,0.27468462426150064,0.09049423448698596,4,2,2,2
729,Player,19,19,0.33,0.53,0.19672583118751616,0.09971510882508827,4,2,3,2
730,AI,19,19,0.39,0.17,0.1737341601840682,0.055135440288079846,1,9,3,2
731,AI,18,18,0.12,0.36,0.23305636125932494,0.17736116846437933,14,4,2,2
732,Player,21,21,0.21,0.29,0.19775248422432168,0.06699729478258756,8,2,2,2
733,AI,22,22,0.29,0.25,0.2005270974218046,0.16456674665955917,3,5,2,2
734,Player,22,22,0.12,0.29,0.18627456738215986,0.07355532998868873,10,1,1,1
735,AI,18,18,0.24,0.38,0.13705609022887713,0.16170613766600905,7,5,2,2
736,AI,21,21,0.29,0.27,0.2666787185940017,0.12061055944841774,2,2,2,1
737,AI,28,28,0.29,0.33,0.27622854695331966,0.09094646068194431,3,2,1,3
738,AI,20,20,0.41,0.5,0.13905984913879188,0.17010318777876532,2,3,2,3
739,Player,18,18,0.24,0.24,0.10287737982566705,0.16830383202124913,1,4,1,1
740,Player,18,18,0.44,0.24,0.15654407823458935,0.19316316451978255,2,2,2,2
741,AI,19,19,0.24,0.36,0.1523972269355397,0.0556453439963511,4,5,1,2
742,Player,19,19,0.31,0.24,0.18186774762649394,0.09535031708509703,3,2,2,2
743,AI,24,24,0.29,0.07,0.27331523338609265,0.0788095207850523,5,9,2,1
744,AI,21,21,0.29,0.14,0.22302992868996793,0.195546782514537,4,4,1,2
745,Player,22,22,0.38,0.29,0.27114918113246156,0.17496107861098098,2,2,2,2
746,Player,19,19,0.07,0.12,0.19515957317866392,0.1946665065521091,12,15,1,2
747,AI,23,23,0.18,0.12,0.22612447037825026,0.13372160170125064,9,5,2,1
748,Player,19,19,0.24,0.24,0.10320321434668052,0.17139504384528453,6,1,1,1
749,AI,20,20,0.35,0.12,0.12760072141975823,0.09799630925217209,4,8,2,1
750,Player,17,17,0.31,0.35,0.13537001098613685,0.16661186136946826,1,4,2,3
751,Player,20,20,0.12,0.41,0.13118144165096635,0.16877343384376992,13,3,1,3
752,Player,19,19,0.0,0.47,0.22723716551995785,0.12295908200837914,,5,0,2
753,Player,22,22,0.35,0.41,0.17061871821068103,0.07420423639804377,8,1,3,3
754,AI,17,17,0.12,0.36,0.11254039056069809,0.0535582081572893,3,5,2,4
755,Player,23,23,0.08,0.35,0.2637161878277494,0.14697976642967045,13,2,1,2
756,AI,19,19,0.29,0.13,0.19888598223415305,0.09873202021509686,1,10,2,1
757,AI,25,25,0.41,0.53,0.24184727400487682,0.09161182066926254,4,1,3,3
758,Player,24,24,0.5,0.53,0.2715712695725992,0.14596072154339884,2,2,3,3
759,Player,20,20,0.2,0.29,0.28485723117333284,0.07719000919765065,8,2,1,1
760,Player,17,17,0.2,0.47,0.12977946014483432,0.18624039860468622,5,1,2,2
761,AI,18,18,0.29,0.19,0.14941688332600728,0.09905503601508012,1,4,3,1
762,Player,24,24,0.56,0.35,0.26094086277313394,0.10042912586013833,2,2,4,2
763,AI,19,19,0.47,0.31,0.16405991563116354,0.15812059672492584,5,1,4,2
764,AI,23,23,0.29,0.44,0.2977487734517037,0.11658488946713051,4,2,1,4
765,Player,18,18,0.31,0.29,0.1332669249944842,0.10854815845036082,5,3,2,1
766,Player,22,22,0.43,0.24,0.2601236817900012,0.18452939853665073,2,1,1,1
767,Player,23,23,0.47,0.41,0.26723473884781845,0.07953526778044993,2,7,2,5
768,Player,18,18,0.07,0.24,0.1898606685118228,0.12483940835714635,13,1,1,2
769,Player,18,18,0.38,0.59,0.10292849987437358,0.07674817748039109,9,2,3,4
770,AI,21,21,0.33,0.29,0.2595766067700706,0.11726754358053725,7,1,2,1
771,Player,18,18,0.21,0.18,0.17612492053843695,0.1992367054056538,9,1,2,1
772,Player,26,26,0.36,0.53,0.2869149299499566,0.18832234568258455,2,1,2,4
773,AI,23,23,0.33,0.36,0.25436118802427,0.1820906803396039,1,2,2,5
774,Player,19,19,0.18,0.24,0.14258828048184868,0.1565357345259165,12,1,2,2
775,AI,18,18,0.35,0.27,0.12736909286970918,0.16027072591001382,2,3,2,1
776,AI,17,17,0.41,0.54,0.13238532909498268,0.10305367468702518,2,3,2,2
777,AI,20,20,0.29,0.29,0.24231238182545015,0.08225092958355518,2,6,1,3
778,AI,21,21,0.24,0.36,0.29700994661066393,0.1616607139931745,1,1,1,1
779,Player,19,19,0.38,0.29,0.20152582603115415,0.14793155145088835,1,5,1,2
780,AI,21,21,0.18,0.33,0.22471185503781663,0.07157828786851399,14,3,2,2
781,AI,21,21,0.29,0.36,0.22405976340618158,0.10059919904153877,6,1,2,1
782,AI,19,19,0.29,0.4,0.14436298355138605,0.057126661783133886,3,3,2,3
783,AI,18,18,0.18,0.38,0.13262428790360853,0.08846338274924294,7,1,1,2
784,Player,21,21,0.33,0.12,0.14426779573370616,0.17623707594152055,2,2,3,1
785,Player,20,20,0.2,0.24,0.19732686147301165,0.14635327220944913,6,5,1,2
786,Player,22,22,0.19,0.29,0.27475250288348785,0.09715416423006638,9,2,2,2
787,Player,20,20,0.29,0.35,0.27578934507513997,0.15476071953747966,1,4,2,3
788,Player,22,22,0.41,0.35,0.22448567373850958,0.17938875539335197,1,2,3,1
789,Player,20,20,0.64,0.12,0.27562788803854965,0.12779619187214464,3,9,5,1
790,Player,22,22,0.27,0.29,0.2877586214818566,0.14098631976778492,4,3,1,2
791,AI,20,20,0.24,0.47,0.20182630297736892,0.05465911698745807,1,1,2,3
792,Player,23,23,0.47,0.18,0.2708601560038788,0.19826854921636083,1,5,2,1
793,Player,19,19,0.19,0.41,0.13140860859181464,0.06523644384025903,3,2,1,2
794,Player,21,21,0.29,0.59,0.2074800594221874,0.13374405679729928,3,1,2,6
795,AI,22,22,0.65,0.25,0.25077124431188147,0.17368389277353594,2,2,4,2
796,Player,19,19,0.19,0.35,0.12580594604245898,0.17753816256907967,5,2,1,2
797,Player,20,20,0.35,0.35,0.19067258245205776,0.08394394948552747,8,2,3,2
798,Player,18,18,0.56,0.29,0.14142879307940454,0.08962058991674728,6,2,4,2
799,Player,24,24,0.35,0.18,0.2581592459900522,0.1261684435624948,2,4,2,1
800,Player,22,22,0.22,0.41,0.27230870186723655,0.08722580149722214,6,4,2,3
801,Player,19,19,0.62,0.18,0.1409929170017294,0.15061460783982067,1,1,4,1
802,Player,19,19,0.43,0.29,0.11330047699880681,0.08640255033183797,1,3,1,3
803,Player,18,18,0.2,0.24,0.1616374964752823,0.1513926549593438,7,2,1,2
804,Player,21,21,0.41,0.35,0.2236925403381375,0.051232161172016843,4,4,2,2
805,Player,18,18,0.14,0.24,0.20528687010082333,0.19111603040261255,5,3,1,1
806,AI,22,22,0.29,0.31,0.18220932975181198,0.08981981914816234,2,1,3,1
807,Player,19,19,0.62,0.12,0.20551205784539894,0.151841982219858,2,3,5,1
808,Player,18,18,0.4,0.24,0.1329111199934174,0.12778141509320023,3,1,2,1
809,AI,17,17,0.24,0.14,0.13522736256352003,0.05475422709297193,7,3,3,1
810,AI,20,20,0.35,0.4,0.2121756626700879,0.0811807552792256,1,1,2,3
811,AI,19,19,0.12,0.27,0.1614213002760444,0.09607921305951983,15,3,1,2
812,AI,18,18,0.0,0.13,0.14492811474488523,0.07778229281951374,,5,0,1
813,Player,22,22,0.35,0.29,0.2729899853871033,0.17211020786776599,2,2,2,3
814,Player,23,23,0.47,0.29,0.1416527020027665,0.18654303517233872,3,3,5,2
815,Player,21,21,0.12,0.18,0.236396748120267,0.08277476639259768,11,2,1,1
816,AI,18,18,0.24,0.4,0.16926010048678428,0.08279368817981135,8,1,3,2
817,AI,23,23,0.24,0.25,0.26839715272511344,0.1542943290391106,10,1,3,1
818,AI,19,19,0.47,0.0,0.15290176254130075,0.14980830439440007,1,,4,0
819,Player,18,18,0.14,0.47,0.23662382677070007,0.1674124679514835,8,1,1,4
820,AI,25,25,0.39,0.31,0.24846455695741454,0.12223494220813567,4,4,2,2
821,Player,21,21,0.12,0.41,0.25412518716918786,0.07287469541958844,14,2,2,2
822,AI,19,19,0.29,0.07,0.19633215572853754,0.11699811306183343,4,12,2,1
823,AI,20,20,0.61,0.43,0.27800025875392953,0.08784927674580761,1,1,6,3
824,Player,20,20,0.2,0.29,0.20527045252272352,0.16715777555015243,5,3,2,2
825,Player,18,18,0.15,0.35,0.13059002182206564,0.07714496104736521,11,1,2,2
826,Player,18,18,0.2,0.24,0.13829023101298255,0.18593545955184476,11,3,2,2
827,Player,19,19,0.19,0.29,0.14901123232254115,0.09944914009250977,5,4,2,2
828,AI,17,17,0.29,0.38,0.12842352065909252,0.19786405784761674,2,3,2,1
829,Player,21,21,0.33,0.29,0.2562119774254201,0.09869975227312544,5,3,2,2
830,AI,23,23,0.29,0.38,0.2700373415864424,0.12628476268819805,1,1,1,2
831,Player,21,21,0.06,0.35,0.18240368543220226,0.05532526799009253,16,1,1,5
832,Player,22,22,0.47,0.47,0.2187981438950412,0.14601855988192633,1,3,3,4
833,Player,18,18,0.33,0.35,0.16370008918887857,0.13118715511528345,2,7,1,2
834,Player,18,18,0.38,0.24,0.10406820405686626,0.06691466530046725,3,6,3,1
835,AI,21,21,0.18,0.5,0.2401482225276276,0.12815945907890686,15,1,3,3
836,Player,21,21,0.06,0.41,0.29507139552810346,0.05875460434278558,16,2,1,2
837,Player,19,19,0.21,0.35,0.16770750065060383,0.12792881122017097,9,2,1,4
838,AI,17,17,0.24,0.19,0.12712077674374317,0.07502581547208301,1,2,2,2
839,AI,19,19,0.41,0.14,0.2230914795162194,0.051464791532809716,4,4,2,1
840,Player,20,20,0.17,0.35,0.26974726746712396,0.19105449707115596,8,4,2,2
841,AI,23,23,0.35,0.31,0.22418601482373365,0.1797653912273583,1,1,2,3
842,AI,19,19,0.24,0.57,0.25693916653683246,0.1562599086722142,2,2,3,3
843,Player,21,21,0.29,0.53,0.23122331536274274,0.05713642158069548,6,2,2,4
844,AI,22,22,0.29,0.21,0.28390005138635666,0.10825332831300617,7,6,2,1
845,Player,24,24,0.4,0.41,0.26467309338728684,0.10664430676377225,3,1,3,2
846,Player,18,18,0.07,0.24,0.20379326998356082,0.08667231323681099,14,5,1,2
847,Player,21,21,0.44,0.41,0.23877133972815462,0.07401536116267798,1,2,4,3
848,Player,18,18,0.44,0.41,0.16151002739512993,0.06779545694762718,6,1,3,2
849,Player,19,19,0.0,0.35,0.187251071884233,0.06886761217189769,,1,0,1
850,Player,19,19,0.29,0.35,0.273018173097074,0.06841953867655762,7,1,1,2
851,Player,21,21,0.19,0.24,0.22546930167235282,0.1562670639666136,4,1,1,1
852,Player,19,19,0.27,0.35,0.15611406727006122,0.08224396968905073,6,2,3,2
853,AI,19,19,0.29,0.27,0.19535399844602097,0.17068611782238896,1,1,2,1
854,AI,18,18,0.47,0.38,0.13631914232504555,0.12583617654009943,3,1,3,2
855,Player,20,20,0.0,0.53,0.22970389253120502,0.1338529206288853,,1,0,4
856,AI,19,19,0.24,0.31,0.24671505346841485,0.19476109138714826,9,4,2,3
857,AI,18,18,0.35,0.33,0.11300960061540402,0.10323257378491618,4,3,3,2
858,Player,19,19,0.29,0.35,0.11833329277329706,0.18865196280252317,8,1,2,2
859,AI,18,18,0.29,0.44,0.14312877552885178,0.19614538745639037,6,4,2,2
860,AI,19,19,0.12,0.36,0.17323104562262684,0.10173880643405121,7,1,1,2
861,AI,19,19,0.5,0.31,0.2424743994162365,0.1488966253784673,2,1,3,2
862,Player,18,18,0.21,0.18,0.1570389905751073,0.06480107172116269,2,3,1,1
863,AI,18,18,0.24,0.44,0.11883173600753061,0.13221783731269832,11,1,3,4
864,Player,19,19,0.41,0.0,0.18077137550357375,0.09188511557922686,4,,3,0
865,Player,18,18,0.29,0.47,0.12650046607802057,0.12980155482276287,9,3,2,2
866,Player,21,21,0.29,0.29,0.20679521019298486,0.1211561165140656,5,1,2,2
867,AI,18,18,0.29,0.25,0.1612092455902062,0.09272571409242858,6,1,1,3
868,AI,18,18,0.12,0.38,0.13729383616023838,0.1250081035282597,8,1,1,1
869,Player,21,21,0.56,0.35,0.15513692755184944,0.1502105310506116,2,4,2,2
870,Player,19,19,0.41,0.06,0.12337946889852534,0.07217965444627997,5,3,2,1
871,Player,21,21,0.2,0.47,0.2521775818368993,0.16234172343355308,5,4,1,3
872,AI,18,18,0.24,0.38,0.11408644267345705,0.05063166401926768,5,2,1,2
873,Player,22,22,0.0,0.24,0.2519513880500326,0.13013584592634642,,7,0,2
874,Player,25,25,0.29,0.35,0.279561338342575,0.05090654357666041,11,4,4,2
875,Player,17,17,0.2,0.35,0.12752512377243255,0.08305102281125352,1,2,1,2
876,AI,18,18,0.35,0.5,0.21925546522225647,0.15859186554551863,5,2,3,2
877,AI,19,19,0.44,0.14,0.1246984602606993,0.1576492877225541,4,11,4,1
878,AI,21,21,0.18,0.38,0.2529677038831031,0.15007386905634085,11,3,1,1
879,Player,19,19,0.19,0.53,0.1477213501090013,0.11169976753989536,5,3,1,3
880,Player,20,20,0.12,0.24,0.18032773525518886,0.14296369955333751,6,8,1,3
881,AI,21,21,0.35,0.38,0.2650741227918007,0.06151106439397176,3,2,2,2
882,Player,19,19,0.31,0.35,0.16139065511631578,0.16829276252175634,9,1,4,2
883,AI,18,18,0.53,0.31,0.2000458524014223,0.11231736581298413,3,2,4,2
884,Player,18,18,0.0,0.24,0.27918821390517257,0.17842978118230357,,1,0,1
885,AI,21,21,0.29,0.23,0.28122366783648234,0.0714972464184142,4,4,3,1
886,AI,22,22,0.44,0.36,0.2180933349028683,0.15579812425379774,1,4,3,3
887,AI,19,19,0.24,0.38,0.23665226158350908,0.15098233981781056,3,1,2,1
888,Player,18,18,0.29,0.24,0.12968177780632062,0.13598879661614513,5,6,2,1
889,AI,19,19,0.18,0.21,0.12536855461215102,0.17972262334276662,10,2,1,2
890,AI,22,22,0.12,0.38,0.22393052991959472,0.12724563928967708,7,1,1,2
891,Player,21,21,0.2,0.24,0.23956695385168564,0.14512524867910065,3,1,1,1
892,AI,22,22,0.22,0.4,0.2215912033391313,0.06530122266975015,6,2,3,4
893,AI,17,17,0.18,0.27,0.13270322123883757,0.12386304761001467,13,1,2,2
894,AI,21,21,0.18,0.56,0.22526285745339183,0.09124422123237372,2,3,2,4
895,Player,20,20,0.31,0.47,0.2171241915027848,0.11114726203692665,8,2,2,4
896,Player,19,19,0.19,0.29,0.16922870590351172,0.10050368364892653,2,6,2,3
897,Player,19,19,0.13,0.24,0.2057370498118135,0.13345304700746807,8,7,2,2
898,AI,21,21,0.18,0.13,0.24954502105464446,0.12147250484443772,12,1,1,1
899,AI,26,26,0.39,0.33,0.2544913198121085,0.12164635028384141,2,3,2,1
900,Player,18,18,0.29,0.35,0.14475312649152977,0.19836501461622047,7,3,3,3
901,Player,22,22,0.29,0.29,0.20805030171700428,0.05606082535830653,8,1,2,2
902,AI,19,19,0.24,0.4,0.13729420896312738,0.10027738895596494,10,3,2,3
903,Player,18,18,0.53,0.35,0.1413920091026034,0.06243488479296997,5,2,6,2
904,AI,18,18,0.24,0.25,0.13568761403155602,0.05664819709489313,1,1,1,2
905,AI,21,21,0.29,0.31,0.29521351996073886,0.1111413799240836,2,2,2,1
906,AI,19,19,0.0,0.5,0.29125055710921144,0.11259957909436438,,4,0,3
907,AI,19,19,0.28,0.46,0.25888266061496656,0.12874258414014844,4,1,3,3
908,AI,17,17,0.53,0.36,0.19763104134777243,0.10737185305584054,1,1,3,2
909,Player,19,19,0.4,0.12,0.1998784202609206,0.14684908625456575,1,9,3,1
910,AI,18,18,0.0,0.38,0.17061208800197875,0.09604906728510891,,1,0,2
911,Player,19,19,0.31,0.24,0.14530912685289538,0.06471560283862764,6,1,2,1
912,AI,17,17,0.47,0.25,0.13109372560457383,0.10489873782497469,2,1,3,2
913,AI,20,20,0.41,0.08,0.2523198092378822,0.15087659504860718,4,2,2,1
914,AI,17,17,0.41,0.31,0.10362822844280904,0.051263768562214686,4,3,3,2
915,Player,21,21,0.25,0.18,0.24879403685479956,0.13729981580115647,4,3,1,2
916,Player,21,21,0.38,0.47,0.2697843834222682,0.15738288939367795,2,3,2,3
917,AI,18,18,0.29,0.19,0.16488201773002006,0.16884287555620048,9,2,3,1
918,AI,18,18,0.12,0.25,0.10741184368866603,0.07682945690234125,4,5,2,1
919,Player,21,21,0.25,0.29,0.24986327686867674,0.05746796229079451,6,4,2,3
920,Player,21,21,0.21,0.29,0.26852298375454875,0.198302690038133,5,1,1,2
921,AI,17,17,0.24,0.21,0.13888469964109776,0.09222829727669032,6,3,2,1
922,AI,23,23,0.12,0.4,0.2765637471553801,0.12475359354920286,16,1,2,2
923,Player,22,22,0.0,0.24,0.21365188885096417,0.10273447273072696,,8,0,1
924,Player,19,19,0.29,0.29,0.23369529713701545,0.11902128696244423,6,5,2,2
925,Player,23,23,0.61,0.29,0.1992467702883903,0.1617725979855557,2,1,4,1
926,Player,20,20,0.25,0.29,0.24692361308571725,0.19417552928355802,6,2,2,1
927,Player,22,22,0.38,0.24,0.28312469304346877,0.06510839641811363,4,6,2,2
928,AI,18,18,0.59,0.29,0.13452448451720406,0.1440687272441783,2,2,3,2
929,AI,18,18,0.24,0.2,0.1890725796254384,0.16932160123953605,4,1,1,1
930,Player,19,19,0.25,0.24,0.13778358324424178,0.122510444784361,1,4,1,1
931,Player,20,20,0.41,0.24,0.24623151824782932,0.07737666284601526,1,1,2,2
932,Player,24,24,0.24,0.06,0.2815654701970084,0.13315839305782745,6,8,2,1
933,Player,17,17,0.4,0.18,0.106851053692206,0.08106403262003967,6,5,4,1
934,AI,21,21,0.47,0.44,0.21364836292642264,0.1068825270430611,3,3,3,2
935,Player,22,22,0.19,0.18,0.2873912326096375,0.0512950117481016,1,1,2,2
936,Player,18,18,0.38,0.29,0.15115929277322368,0.19280249522064175,4,3,2,2
937,Player,18,18,0.4,0.24,0.12375427387152396,0.13851753093559419,3,2,2,2
938,AI,18,18,0.18,0.2,0.10746528679332451,0.10996951497155215,11,4,3,1
939,AI,20,20,0.29,0.31,0.1509929214652907,0.08287341801555731,2,1,3,3
940,AI,18,18,0.24,0.42,0.21385736146595544,0.06691457397515531,5,5,3,2
941,AI,19,19,0.24,0.14,0.18728741721328276,0.06483187240884411,10,12,3,1
942,Player,21,21,0.12,0.41,0.1712201188130154,0.19723325036884898,15,6,2,2
943,Player,22,22,0.5,0.35,0.24263257140373964,0.08745612807947983,3,5,3,2
944,AI,17,17,0.29,0.25,0.21149913723959807,0.16206357758739975,3,9,2,2
945,Player,22,22,0.41,0.35,0.18605888625565387,0.0843731816564263,3,4,3,3
946,AI,17,17,0.18,0.31,0.26134841244431944,0.11804414203465301,12,1,2,1
947,Player,24,24,0.41,0.24,0.2330588132951961,0.1499371889809556,3,2,2,1
948,AI,19,19,0.29,0.38,0.17151530596451173,0.17251615041639587,3,3,2,3
949,Player,19,19,0.47,0.18,0.11135808997486396,0.19549930399248017,7,4,4,2
950,AI,19,19,0.41,0.23,0.2643703755866497,0.18863897499202265,4,1,5,1
951,AI,22,22,0.29,0.29,0.2178949425896381,0.08189545763389891,4,2,2,2
952,Player,17,17,0.36,0.29,0.10059417563362585,0.17312798546579367,2,3,4,1
953,Player,18,18,0.25,0.24,0.11991090140468182,0.14249981934198536,5,3,2,1
954,AI,17,17,0.29,0.31,0.10315976509554957,0.1353057604338676,4,2,1,1
955,Player,19,19,0.29,0.41,0.17496696436746992,0.11374407470292752,2,1,2,3
956,AI,17,17,0.41,0.13,0.1486886887479702,0.10205392500084404,1,10,2,1
957,AI,19,19,0.41,0.19,0.21699974594265964,0.05052991841324033,6,2,3,1
958,Player,22,22,0.06,0.47,0.2833691794895199,0.1169135907825438,15,3,1,2
959,AI,20,20,0.39,0.2,0.18082784801049637,0.19437558947999856,3,5,2,1
960,Player,18,18,0.12,0.47,0.14932492718759655,0.19364839796874295,12,1,1,3
961,AI,27,27,0.29,0.44,0.23312455273540575,0.10359482536107603,9,1,3,3
962,Player,21,21,0.33,0.18,0.24246152705850366,0.13125169006126744,4,1,2,2
963,AI,21,21,0.41,0.38,0.24166478729247162,0.06452395992698191,2,4,3,2
964,Player,19,19,0.76,0.24,0.1364472809179971,0.10647265569495126,2,1,8,2
965,AI,20,20,0.35,0.25,0.19724457356222436,0.05282580044511926,3,6,3,2
966,Player,18,18,0.31,0.29,0.17801845626131957,0.15745513783621146,5,4,2,3
967,Player,18,18,0.33,0.35,0.1345090320099829,0.09605245725962247,1,5,1,4
968,Player,21,21,0.29,0.35,0.20345984674901663,0.12029593966279109,5,6,1,3
969,Player,26,26,0.24,0.12,0.27161540719045396,0.19918135867945075,10,13,2,1
970,Player,20,20,0.0,0.35,0.23745080464365573,0.14830018292443775,,2,0,2
971,Player,28,28,0.33,0.18,0.2978896352372335,0.11076103605646061,4,3,3,1
972,AI,19,19,0.29,0.27,0.27918055918421414,0.051965373935812464,2,4,2,1
973,AI,19,19,0.35,0.43,0.2962353260072099,0.09236468134259246,2,1,1,3
974,Player,21,21,0.47,0.24,0.2761007168753955,0.1363603283860899,4,1,3,2
975,Player,24,24,0.47,0.41,0.24479629486217888,0.07806735775359011,2,1,4,3
976,Player,18,18,0.36,0.18,0.2887175560801493,0.09876871712941654,4,2,1,2
977,AI,18,18,0.24,0.33,0.14027264487255828,0.11602559768362293,10,3,2,4
978,Player,25,25,0.5,0.29,0.27598828285028365,0.06292454586496583,2,5,4,2
979,Player,23,23,0.19,0.41,0.21073048696323612,0.12584720110183079,5,1,1,3
980,AI,22,22,0.12,0.27,0.20185477200437696,0.1833646601264829,11,2,1,2
981,AI,17,17,0.18,0.44,0.10424731985674329,0.06460072899585738,11,2,1,4
982,Player,24,24,0.24,0.47,0.2944874091065201,0.05673280877671504,6,1,2,2
983,Player,20,20,0.33,0.35,0.16398350436245154,0.0900090230234134,3,2,1,2
984,Player,19,19,0.47,0.35,0.28958035382822644,0.16235874697302594,3,1,4,3
985,Player,21,21,0.27,0.29,0.1883846222334286,0.18453853357633043,7,5,1,2
986,Player,18,18,0.21,0.41,0.13813964527508749,0.16858072527760593,10,2,2,3
987,Player,18,18,0.15,0.18,0.19440158989088763,0.1925896733926622,8,7,1,1
988,Player,20,20,0.62,0.24,0.19408420881599453,0.12896851258788394,2,6,4,1
989,AI,18,18,0.18,0.38,0.1183841551724058,0.0732020631679789,3,2,1,2
990,Player,19,19,0.44,0.35,0.29554337854765916,0.09108438917800266,1,2,3,2
991,Player,18,18,0.29,0.35,0.207919815189122,0.19858129522953422,1,1,2,1
992,Player,17,17,0.2,0.53,0.1542591616996244,0.1866732544984951,4,1,1,3
993,AI,18,18,0.29,0.31,0.10944048493581889,0.17395950454306766,3,5,1,2
994,Player,21,21,0.21,0.24,0.2672373670246636,0.11274866793924944,1,2,2,2
995,AI,19,19,0.35,0.4,0.12989022392997293,0.16214363481569455,8,1,3,2
996,AI,20,20,0.18,0.36,0.26511848261202087,0.053528279771823194,12,1,1,2
997,Player,24,24,0.33,0.35,0.2679989279278535,0.11726079537778382,4,1,3,2
998,AI,19,19,0.18,0.38,0.14185327646667412,0.1615230130628056,3,3,2,3
999,Player,21,21,0.0,0.24,0.2010101390970372,0.1102329874635977,,2,0,2
1000,Player,18,18,0.4,0.35,0.19148985184868603,0.16880293586911782,2,2,2,2
